id,name,lcsc,price_lcsc,lcsc_1,lcsc_10,lcsc_100,lcsc_note,price_taobao_ref,price_taobao_min,taobao_keyword,price_unit_basis,price_checked,price_age_days,sales_level,sales_evidence,better_alt,recommend_shop
PWR-001,DC-005 电源座（5.5×2.1 插头，2.0 针）,C381116,5:1.6062,需买 5，¥1.6062,≤¥1.6062（更高档未核）,≤¥1.6062（更高档未核）,只核到起订档（立创接口在云端被拦，1/10/100 档待 refresh_prices.py 联网刷新）,淘宝未核（需登录）,淘宝未核（需登录）,DC-005 电源座 5.5*2.1 直插 三脚,立创：单只单价、不含运费，按标注的起订档；淘宝：未核,2026-10-02,0,常用,嘉立创库存 31751、立创商城库存 5415（C381116，2026-10-02 接口记录）；淘宝销量未核（需登录）,C16214（DC-005 2.0，BOOMELE(Boom Precision Elec)）：起订价 ¥0.3446（10 起）比主选 ¥1.6062（5 起）便宜 79%；嘉立创库存 83447 比主选 31751 多，更好买（尺寸、参数差异见 parts.csv alternatives 列）,立创商城（按 C381116 下单）
PWR-002,DC 电源座 PJ-102AH（5.5×2.1 插头，2.0 针，5A）,C3096093,1:6.67,¥6.67,≤¥6.67（更高档未核）,≤¥6.67（更高档未核）,只核到起订档（立创接口在云端被拦，1/10/100 档待 refresh_prices.py 联网刷新）,淘宝未核（需登录）,淘宝未核（需登录）,PJ-102AH DC 电源座,立创：单只单价、不含运费，按标注的起订档；淘宝：未核,2026-10-02,0,冷门,嘉立创库存 1085、立创商城库存 1085（C3096093，2026-10-02 接口记录）；淘宝销量未核（需登录）,C20518877（PJ-102A，CUI）：起订价 ¥5.27（1 起）比主选 ¥6.67（1 起）便宜 21%（尺寸、参数差异见 parts.csv alternatives 列）,立创商城（按 C3096093 下单）
HDR-001,2.54mm 单排直排针 1×40,C2337,5:0.9725,需买 5，¥0.9725,≤¥0.9725（更高档未核）,≤¥0.9725（更高档未核）,只核到起订档（立创接口在云端被拦，1/10/100 档待 refresh_prices.py 联网刷新）,淘宝未核（需登录）,淘宝未核（需登录）,2.54 单排针 1*40 直针 镀金,立创：单只单价、不含运费，按标注的起订档；淘宝：未核,2026-10-02,0,大众,嘉立创库存 86905、立创商城库存 17371（C2337，2026-10-02 接口记录）；淘宝销量未核（需登录）,无（替代 C2895846（PZ254V-11-40P，XFCN） 没有明显优势：起订价低不到 5%、嘉立创库存不到主选 2 倍；只作缺货备选）,立创商城（按 C2337 下单）
HDR-002,2.54mm 单排弯排针 1×40,C2334,5:1.1887,需买 5，¥1.1887,≤¥1.1887（更高档未核）,≤¥1.1887（更高档未核）,只核到起订档（立创接口在云端被拦，1/10/100 档待 refresh_prices.py 联网刷新）,淘宝未核（需登录）,淘宝未核（需登录）,2.54 单排弯针 1*40,立创：单只单价、不含运费，按标注的起订档；淘宝：未核,2026-10-02,0,冷门,嘉立创库存 3502、立创商城库存 700（C2334，2026-10-02 接口记录）；淘宝销量未核（需登录）,无（替代 C2925569（PZ254R-11-40P，XFCN） 没有明显优势：起订价低不到 5%、嘉立创库存不到主选 2 倍；只作缺货备选）,立创商城（按 C2334 下单）
HDR-003,2.54mm 双排直排针 2×40,C2333,5:1.9745,需买 5，¥1.9745,≤¥1.9745（更高档未核）,≤¥1.9745（更高档未核）,只核到起订档（立创接口在云端被拦，1/10/100 档待 refresh_prices.py 联网刷新）,淘宝未核（需登录）,淘宝未核（需登录）,2.54 双排针 2*40 直针,立创：单只单价、不含运费，按标注的起订档；淘宝：未核,2026-10-02,0,常用,嘉立创库存 21480、立创商城库存 4262（C2333，2026-10-02 接口记录）；淘宝销量未核（需登录）,无（替代 C2895847（PZ254V-12-80P，XFCN） 没有明显优势：起订价低不到 5%、嘉立创库存不到主选 2 倍；只作缺货备选）,立创商城（按 C2333 下单）
HDR-004,2.0mm 单排直排针 1×40,C3411,5:0.8384,需买 5，¥0.8384,≤¥0.8384（更高档未核）,≤¥0.8384（更高档未核）,只核到起订档（立创接口在云端被拦，1/10/100 档待 refresh_prices.py 联网刷新）,淘宝未核（需登录）,淘宝未核（需登录）,2.0mm 单排针 1*40,立创：单只单价、不含运费，按标注的起订档；淘宝：未核,2026-10-02,0,常用,嘉立创库存 7385、立创商城库存 1469（C3411，2026-10-02 接口记录）；淘宝销量未核（需登录）,无（替代 C42431828（PZ2.0-1X40P-H20，JXTCONN） 没有明显优势：起订价低不到 5%、嘉立创库存不到主选 2 倍；只作缺货备选）,立创商城（按 C3411 下单）
SKT-001,2.54mm 单排排母 8.5mm 高（以 1×8 为代表）,C27438,5:0.7097,需买 5，¥0.7097,≤¥0.7097（更高档未核）,≤¥0.7097（更高档未核）,只核到起订档（立创接口在云端被拦，1/10/100 档待 refresh_prices.py 联网刷新）,淘宝未核（需登录）,淘宝未核（需登录）,2.54 单排母 8P 高 8.5,立创：单只单价、不含运费，按标注的起订档；淘宝：未核,2026-10-02,0,大众,嘉立创库存 123847、立创商城库存 22594（C27438，2026-10-02 接口记录）；淘宝销量未核（需登录）,无（替代 C42431840（PM2.54-1X8PM-H85，JXTCONN） 没有明显优势：起订价低不到 5%、嘉立创库存不到主选 2 倍；只作缺货备选）,立创商城（按 C27438 下单）
SKT-002,2.54mm 双排排母 2×20 8.5mm 高,C5124634,5:2.0166,需买 5，¥2.0166,≤¥2.0166（更高档未核）,≤¥2.0166（更高档未核）,只核到起订档（立创接口在云端被拦，1/10/100 档待 refresh_prices.py 联网刷新）,淘宝未核（需登录）,淘宝未核（需登录）,2.54 双排母 2*20 高 8.5,立创：单只单价、不含运费，按标注的起订档；淘宝：未核,2026-10-02,0,常用,嘉立创库存 10681、立创商城库存 2112（C5124634，2026-10-02 接口记录）；淘宝销量未核（需登录）,无（替代 C42431846（PM2.54-2X20P-H85，JXTCONN） 没有明显优势：起订价低不到 5%、嘉立创库存不到主选 2 倍；只作缺货备选）,立创商城（按 C5124634 下单）
SKT-003,2.0mm 单排排母（以 1×8 为代表）,C22438140,5:0.9147,需买 5，¥0.9147,≤¥0.9147（更高档未核）,≤¥0.9147（更高档未核）,只核到起订档（立创接口在云端被拦，1/10/100 档待 refresh_prices.py 联网刷新）,淘宝未核（需登录）,淘宝未核（需登录）,2.0mm 单排母 8P,立创：单只单价、不含运费，按标注的起订档；淘宝：未核,2026-10-02,0,常用,嘉立创库存 20897、立创商城库存 4177（C22438140，2026-10-02 接口记录）；淘宝销量未核（需登录）,无（替代 C7243（2.0-1*40PFemale，BOOMELE(Boom Precision Elec)） 没有明显优势：起订价低不到 5%、嘉立创库存不到主选 2 倍；只作缺货备选）,立创商城（按 C22438140 下单）
JMP-001,2.54mm 跳线帽,C100114,50:0.057,需买 50，¥0.057,需买 50，¥0.057,≤¥0.057（更高档未核）,只核到起订档（立创接口在云端被拦，1/10/100 档待 refresh_prices.py 联网刷新）,淘宝未核（需登录）,淘宝未核（需登录）,2.54 跳线帽 短路帽,立创：单只单价、不含运费，按标注的起订档；淘宝：未核,2026-10-02,0,大众,嘉立创库存 585660、立创商城库存 11713（C100114，2026-10-02 接口记录）；淘宝销量未核（需登录）,无（替代 C5305（2.54Short Circuit Cap Opening，BOOMELE(Boom Precision Elec)） 没有明显优势：起订价低不到 5%、嘉立创库存不到主选 2 倍；只作缺货备选）,立创商城（按 C100114 下单）
TERM-001,KF301 螺钉端子 2P 5.0mm,C474881,5:0.6203,需买 5，¥0.6203,≤¥0.6203（更高档未核）,≤¥0.6203（更高档未核）,只核到起订档（立创接口在云端被拦，1/10/100 档待 refresh_prices.py 联网刷新）,淘宝未核（需登录）,淘宝未核（需登录）,KF301-5.0-2P 接线端子,立创：单只单价、不含运费，按标注的起订档；淘宝：未核,2026-10-02,0,大众,嘉立创库存 76865、立创商城库存 15354（C474881，2026-10-02 接口记录）；淘宝销量未核（需登录）,无（库内无同功能更优件；立创未记录替代编号）,立创商城（按 C474881 下单）
TERM-002,KF301 螺钉端子 3P 5.0mm,C474882,5:0.8526,需买 5，¥0.8526,≤¥0.8526（更高档未核）,≤¥0.8526（更高档未核）,只核到起订档（立创接口在云端被拦，1/10/100 档待 refresh_prices.py 联网刷新）,淘宝未核（需登录）,淘宝未核（需登录）,KF301-5.0-3P 接线端子,立创：单只单价、不含运费，按标注的起订档；淘宝：未核,2026-10-02,0,常用,嘉立创库存 19274、立创商城库存 3853（C474882，2026-10-02 接口记录）；淘宝销量未核（需登录）,无（库内无同功能更优件；立创未记录替代编号）,立创商城（按 C474882 下单）
XH-002,XH 2P 直插（JST B2B-XH-A）,C158012,20:0.2486,需买 20，¥0.2486,需买 20，¥0.2486,≤¥0.2486（更高档未核）,只核到起订档（立创接口在云端被拦，1/10/100 档待 refresh_prices.py 联网刷新）,淘宝未核（需登录）,淘宝未核（需登录）,JST XH2.5 2P 直针座,立创：单只单价、不含运费，按标注的起订档；淘宝：未核,2026-10-02,0,大众,嘉立创库存 337727、立创商城库存 16123（C158012，2026-10-02 接口记录）；淘宝销量未核（需登录）,C42391660（HX-XH2.54-2PZZ，hanxia）：起订价 ¥0.0452（5 起）比主选 ¥0.2486（20 起）便宜 82%（尺寸、参数差异见 parts.csv alternatives 列）,立创商城（按 C158012 下单）
XH-003,XH 3P 直插（JST B3B-XH-A）,C144394,10:0.3331,需买 10，¥0.3331,¥0.3331,≤¥0.3331（更高档未核）,只核到起订档（立创接口在云端被拦，1/10/100 档待 refresh_prices.py 联网刷新）,淘宝未核（需登录）,淘宝未核（需登录）,JST XH2.5 3P 直针座,立创：单只单价、不含运费，按标注的起订档；淘宝：未核,2026-10-02,0,大众,嘉立创库存 186148、立创商城库存 12803（C144394，2026-10-02 接口记录）；淘宝销量未核（需登录）,无（库内无同功能更优件；立创未记录替代编号）,立创商城（按 C144394 下单）
XH-004,XH 4P 直插（JST B4B-XH-A）,C144395,10:0.3783,需买 10，¥0.3783,¥0.3783,≤¥0.3783（更高档未核）,只核到起订档（立创接口在云端被拦，1/10/100 档待 refresh_prices.py 联网刷新）,淘宝未核（需登录）,淘宝未核（需登录）,JST XH2.5 4P 直针座,立创：单只单价、不含运费，按标注的起订档；淘宝：未核,2026-10-02,0,大众,嘉立创库存 88648、立创商城库存 8211（C144395，2026-10-02 接口记录）；淘宝销量未核（需登录）,无（库内无同功能更优件；立创未记录替代编号）,立创商城（按 C144395 下单）
XH-005,XH 5P 直插（JST B5B-XH-A）,C157991,5:0.5238,需买 5，¥0.5238,≤¥0.5238（更高档未核）,≤¥0.5238（更高档未核）,只核到起订档（立创接口在云端被拦，1/10/100 档待 refresh_prices.py 联网刷新）,淘宝未核（需登录）,淘宝未核（需登录）,JST XH2.5 5P 直针座,立创：单只单价、不含运费，按标注的起订档；淘宝：未核,2026-10-02,0,大众,嘉立创库存 70880、立创商城库存 11216（C157991，2026-10-02 接口记录）；淘宝销量未核（需登录）,无（库内无同功能更优件；立创未记录替代编号）,立创商城（按 C157991 下单）
XH-006,XH 6P 直插（JST B6B-XH-A）,C144397,5:0.56,需买 5，¥0.56,≤¥0.56（更高档未核）,≤¥0.56（更高档未核）,只核到起订档（立创接口在云端被拦，1/10/100 档待 refresh_prices.py 联网刷新）,淘宝未核（需登录）,淘宝未核（需登录）,JST XH2.5 6P 直针座,立创：单只单价、不含运费，按标注的起订档；淘宝：未核,2026-10-02,0,常用,嘉立创库存 44111、立创商城库存 8822（C144397，2026-10-02 接口记录）；淘宝销量未核（需登录）,无（库内无同功能更优件；立创未记录替代编号）,立创商城（按 C144397 下单）
XH-102,XH 2P 弯插（JST S2B-XH-A）,C157931,10:0.5027,需买 10，¥0.5027,¥0.5027,≤¥0.5027（更高档未核）,只核到起订档（立创接口在云端被拦，1/10/100 档待 refresh_prices.py 联网刷新）,淘宝未核（需登录）,淘宝未核（需登录）,JST XH2.5 2P 弯针座,立创：单只单价、不含运费，按标注的起订档；淘宝：未核,2026-10-02,0,常用,嘉立创库存 41521、立创商城库存 2230（C157931，2026-10-02 接口记录）；淘宝销量未核（需登录）,C163035（S2B-XH-A-1(LF)(SN)，JST）：嘉立创库存 116098 比主选 41521 多，更好买（尺寸、参数差异见 parts.csv alternatives 列）,立创商城（按 C157931 下单）
XH-103,XH 3P 弯插（JST S3B-XH-A）,C157928,10:0.4518,需买 10，¥0.4518,¥0.4518,≤¥0.4518（更高档未核）,只核到起订档（立创接口在云端被拦，1/10/100 档待 refresh_prices.py 联网刷新）,淘宝未核（需登录）,淘宝未核（需登录）,JST XH2.5 3P 弯针座,立创：单只单价、不含运费，按标注的起订档；淘宝：未核,2026-10-02,0,大众,嘉立创库存 140629、立创商城库存 13462（C157928，2026-10-02 接口记录）；淘宝销量未核（需登录）,无（库内无同功能更优件；立创未记录替代编号）,立创商城（按 C157928 下单）
XH-104,XH 4P 弯插（JST S4B-XH-A）,C157925,5:0.5499,需买 5，¥0.5499,≤¥0.5499（更高档未核）,≤¥0.5499（更高档未核）,只核到起订档（立创接口在云端被拦，1/10/100 档待 refresh_prices.py 联网刷新）,淘宝未核（需登录）,淘宝未核（需登录）,JST XH2.5 4P 弯针座,立创：单只单价、不含运费，按标注的起订档；淘宝：未核,2026-10-02,0,大众,嘉立创库存 83333、立创商城库存 16578（C157925，2026-10-02 接口记录）；淘宝销量未核（需登录）,无（库内无同功能更优件；立创未记录替代编号）,立创商城（按 C157925 下单）
XH-105,XH 5P 弯插（JST S5B-XH-A）,C263757,5:0.9641,需买 5，¥0.9641,≤¥0.9641（更高档未核）,≤¥0.9641（更高档未核）,只核到起订档（立创接口在云端被拦，1/10/100 档待 refresh_prices.py 联网刷新）,淘宝未核（需登录）,淘宝未核（需登录）,JST XH2.5 5P 弯针座,立创：单只单价、不含运费，按标注的起订档；淘宝：未核,2026-10-02,0,常用,嘉立创库存 21464、立创商城库存 4292（C263757，2026-10-02 接口记录）；淘宝销量未核（需登录）,无（库内无同功能更优件；立创未记录替代编号）,立创商城（按 C263757 下单）
XH-106,XH 6P 弯插（JST S6B-XH-A）,C157919,5:1.0565,需买 5，¥1.0565,≤¥1.0565（更高档未核）,≤¥1.0565（更高档未核）,只核到起订档（立创接口在云端被拦，1/10/100 档待 refresh_prices.py 联网刷新）,淘宝未核（需登录）,淘宝未核（需登录）,JST XH2.5 6P 弯针座,立创：单只单价、不含运费，按标注的起订档；淘宝：未核,2026-10-02,0,常用,嘉立创库存 22452、立创商城库存 4490（C157919，2026-10-02 接口记录）；淘宝销量未核（需登录）,无（库内无同功能更优件；立创未记录替代编号）,立创商城（按 C157919 下单）
PH-002,PH2.0 2P 直插（JST B2B-PH-K-S）,C131337,20:0.2166,需买 20，¥0.2166,需买 20，¥0.2166,≤¥0.2166（更高档未核）,只核到起订档（立创接口在云端被拦，1/10/100 档待 refresh_prices.py 联网刷新）,淘宝未核（需登录）,淘宝未核（需登录）,JST PH2.0 2P 直针座,立创：单只单价、不含运费，按标注的起订档；淘宝：未核,2026-10-02,0,大众,嘉立创库存 64178、立创商城库存 2563（C131337，2026-10-02 接口记录）；淘宝销量未核（需登录）,C18077744（BX-PH2.0-2PZZ，Bossie）：起订价 ¥0.0551（50 起）比主选 ¥0.2166（20 起）便宜 75%；嘉立创库存 201374 比主选 64178 多，更好买（尺寸、参数差异见 parts.csv alternatives 列）,立创商城（按 C131337 下单）
PH-003,PH2.0 3P 直插（JST B3B-PH-K-S）,C131339,10:0.2756,需买 10，¥0.2756,¥0.2756,≤¥0.2756（更高档未核）,只核到起订档（立创接口在云端被拦，1/10/100 档待 refresh_prices.py 联网刷新）,淘宝未核（需登录）,淘宝未核（需登录）,JST PH2.0 3P 直针座,立创：单只单价、不含运费，按标注的起订档；淘宝：未核,2026-10-02,0,大众,嘉立创库存 142355、立创商城库存 14239（C131339，2026-10-02 接口记录）；淘宝销量未核（需登录）,无（库内无同功能更优件；立创未记录替代编号）,立创商城（按 C131339 下单）
PH-004,PH2.0 4P 直插（JST B4B-PH-K-S）,C131334,10:0.2789,需买 10，¥0.2789,¥0.2789,≤¥0.2789（更高档未核）,只核到起订档（立创接口在云端被拦，1/10/100 档待 refresh_prices.py 联网刷新）,淘宝未核（需登录）,淘宝未核（需登录）,JST PH2.0 4P 直针座,立创：单只单价、不含运费，按标注的起订档；淘宝：未核,2026-10-02,0,大众,嘉立创库存 111565、立创商城库存 6921（C131334，2026-10-02 接口记录）；淘宝销量未核（需登录）,无（库内无同功能更优件；立创未记录替代编号）,立创商城（按 C131334 下单）
PH-005,PH2.0 5P 直插（JST B5B-PH-K-S）,C157993,10:0.3333,需买 10，¥0.3333,¥0.3333,≤¥0.3333（更高档未核）,只核到起订档（立创接口在云端被拦，1/10/100 档待 refresh_prices.py 联网刷新）,淘宝未核（需登录）,淘宝未核（需登录）,JST PH2.0 5P 直针座,立创：单只单价、不含运费，按标注的起订档；淘宝：未核,2026-10-02,0,大众,嘉立创库存 160112、立创商城库存 16011（C157993，2026-10-02 接口记录）；淘宝销量未核（需登录）,无（库内无同功能更优件；立创未记录替代编号）,立创商城（按 C157993 下单）
PH-006,PH2.0 6P 直插（JST B6B-PH-K-S）,C131342,10:0.4438,需买 10，¥0.4438,¥0.4438,≤¥0.4438（更高档未核）,只核到起订档（立创接口在云端被拦，1/10/100 档待 refresh_prices.py 联网刷新）,淘宝未核（需登录）,淘宝未核（需登录）,JST PH2.0 6P 直针座,立创：单只单价、不含运费，按标注的起订档；淘宝：未核,2026-10-02,0,大众,嘉立创库存 77387、立创商城库存 7738（C131342，2026-10-02 接口记录）；淘宝销量未核（需登录）,无（库内无同功能更优件；立创未记录替代编号）,立创商城（按 C131342 下单）
PH-102,PH2.0 2P 弯插（JST S2B-PH-K-S）,C173752,20:0.2428,需买 20，¥0.2428,需买 20，¥0.2428,≤¥0.2428（更高档未核）,只核到起订档（立创接口在云端被拦，1/10/100 档待 refresh_prices.py 联网刷新）,淘宝未核（需登录）,淘宝未核（需登录）,JST PH2.0 2P 弯针座,立创：单只单价、不含运费，按标注的起订档；淘宝：未核,2026-10-02,0,大众,嘉立创库存 187776、立创商城库存 9388（C173752，2026-10-02 接口记录）；淘宝销量未核（需登录）,无（库内无同功能更优件；立创未记录替代编号）,立创商城（按 C173752 下单）
PH-103,PH2.0 3P 弯插（JST S3B-PH-K-S）,C157929,10:0.2257,需买 10，¥0.2257,¥0.2257,≤¥0.2257（更高档未核）,只核到起订档（立创接口在云端被拦，1/10/100 档待 refresh_prices.py 联网刷新）,淘宝未核（需登录）,淘宝未核（需登录）,JST PH2.0 3P 弯针座,立创：单只单价、不含运费，按标注的起订档；淘宝：未核,2026-10-02,0,大众,嘉立创库存 133353、立创商城库存 13335（C157929，2026-10-02 接口记录）；淘宝销量未核（需登录）,无（库内无同功能更优件；立创未记录替代编号）,立创商城（按 C157929 下单）
PH-104,PH2.0 4P 弯插（JST S4B-PH-K-S）,C157926,10:0.4548,需买 10，¥0.4548,¥0.4548,≤¥0.4548（更高档未核）,只核到起订档（立创接口在云端被拦，1/10/100 档待 refresh_prices.py 联网刷新）,淘宝未核（需登录）,淘宝未核（需登录）,JST PH2.0 4P 弯针座,立创：单只单价、不含运费，按标注的起订档；淘宝：未核,2026-10-02,0,常用,嘉立创库存 19146、立创商城库存 1914（C157926，2026-10-02 接口记录）；淘宝销量未核（需登录）,无（库内无同功能更优件；立创未记录替代编号）,立创商城（按 C157926 下单）
PH-105,PH2.0 5P 弯插（JST S5B-PH-K-S）,C157923,10:0.4737,需买 10，¥0.4737,¥0.4737,≤¥0.4737（更高档未核）,只核到起订档（立创接口在云端被拦，1/10/100 档待 refresh_prices.py 联网刷新）,淘宝未核（需登录）,淘宝未核（需登录）,JST PH2.0 5P 弯针座,立创：单只单价、不含运费，按标注的起订档；淘宝：未核,2026-10-02,0,大众,嘉立创库存 63858、立创商城库存 6385（C157923，2026-10-02 接口记录）；淘宝销量未核（需登录）,无（库内无同功能更优件；立创未记录替代编号）,立创商城（按 C157923 下单）
PH-106,PH2.0 6P 弯插（JST S6B-PH-K-S）,C157920,10:0.436,需买 10，¥0.436,¥0.436,≤¥0.436（更高档未核）,只核到起订档（立创接口在云端被拦，1/10/100 档待 refresh_prices.py 联网刷新）,淘宝未核（需登录）,淘宝未核（需登录）,JST PH2.0 6P 弯针座,立创：单只单价、不含运费，按标注的起订档；淘宝：未核,2026-10-02,0,大众,嘉立创库存 116916、立创商城库存 11691（C157920，2026-10-02 接口记录）；淘宝销量未核（需登录）,无（库内无同功能更优件；立创未记录替代编号）,立创商城（按 C157920 下单）
SW-001,6×6 直插轻触开关 高 5mm,C110153,10:0.3612,需买 10，¥0.3612,¥0.3612,≤¥0.3612（更高档未核）,只核到起订档（立创接口在云端被拦，1/10/100 档待 refresh_prices.py 联网刷新）,淘宝未核（需登录）,淘宝未核（需登录）,6*6*5 轻触开关 直插 4 脚,立创：单只单价、不含运费，按标注的起订档；淘宝：未核,2026-10-02,0,大众,嘉立创库存 86680、立创商城库存 8585（C110153，2026-10-02 接口记录）；淘宝销量未核（需登录）,C393938（TS665CJ，SHOU HAN）：起订价 ¥0.1183（50 起）比主选 ¥0.3612（10 起）便宜 67%（尺寸、参数差异见 parts.csv alternatives 列）,立创商城（按 C110153 下单）
SW-002,6×6 直插轻触开关 高 7mm,C136682,10:0.4155,需买 10，¥0.4155,¥0.4155,≤¥0.4155（更高档未核）,只核到起订档（立创接口在云端被拦，1/10/100 档待 refresh_prices.py 联网刷新）,淘宝未核（需登录）,淘宝未核（需登录）,6*6*7 轻触开关 直插 4 脚,立创：单只单价、不含运费，按标注的起订档；淘宝：未核,2026-10-02,0,常用,嘉立创库存 6410、立创商城库存 641（C136682，2026-10-02 接口记录）；淘宝销量未核（需登录）,无（库内无同功能更优件；立创未记录替代编号）,立创商城（按 C136682 下单）
SW-003,6×6 直插轻触开关 高 9mm,C111992,10:0.3992,需买 10，¥0.3992,¥0.3992,≤¥0.3992（更高档未核）,只核到起订档（立创接口在云端被拦，1/10/100 档待 refresh_prices.py 联网刷新）,淘宝未核（需登录）,淘宝未核（需登录）,6*6*9 轻触开关 直插 4 脚,立创：单只单价、不含运费，按标注的起订档；淘宝：未核,2026-10-02,0,冷门,嘉立创库存 2556、立创商城库存 255（C111992，2026-10-02 接口记录）；淘宝销量未核（需登录）,无（库内无同功能更优件；立创未记录替代编号）,立创商城（按 C111992 下单）
SW-004,6×6 直插轻触开关 高 13mm,C223774,10:0.415,需买 10，¥0.415,¥0.415,≤¥0.415（更高档未核）,只核到起订档（立创接口在云端被拦，1/10/100 档待 refresh_prices.py 联网刷新）,淘宝未核（需登录）,淘宝未核（需登录）,6*6*13 轻触开关 直插 4 脚,立创：单只单价、不含运费，按标注的起订档；淘宝：未核,2026-10-02,0,冷门,嘉立创库存 1775、立创商城库存 177（C223774，2026-10-02 接口记录）；淘宝销量未核（需登录）,无（库内无同功能更优件；立创未记录替代编号）,立创商城（按 C223774 下单）
SW-010,SS-12D10 拨动开关（单刀双掷）,C319012,5:1.9703,需买 5，¥1.9703,≤¥1.9703（更高档未核）,≤¥1.9703（更高档未核）,只核到起订档（立创接口在云端被拦，1/10/100 档待 refresh_prices.py 联网刷新）,淘宝未核（需登录）,淘宝未核（需登录）,SS-12D10 拨动开关 3 脚,立创：单只单价、不含运费，按标注的起订档；淘宝：未核,2026-10-02,0,常用,嘉立创库存 20895、立创商城库存 3890（C319012，2026-10-02 接口记录）；淘宝销量未核（需登录）,C2998777（SS-12D10-G5，DEALON）：起订价 ¥1.2625（5 起）比主选 ¥1.9703（5 起）便宜 36%（尺寸、参数差异见 parts.csv alternatives 列）,立创商城（按 C319012 下单）
BZ-001,5V 有源蜂鸣器 12×9.5（TMB12A05）,C96093,5:1.1812,需买 5，¥1.1812,≤¥1.1812（更高档未核）,≤¥1.1812（更高档未核）,只核到起订档（立创接口在云端被拦，1/10/100 档待 refresh_prices.py 联网刷新）,淘宝未核（需登录）,淘宝未核（需登录）,有源蜂鸣器 5V 12*9.5 一体,立创：单只单价、不含运费，按标注的起订档；淘宝：未核,2026-10-02,0,大众,嘉立创库存 104692、立创商城库存 17018（C96093，2026-10-02 接口记录）；淘宝销量未核（需登录）,C49246931（TMB12A05，XHXDZ）：起订价 ¥0.9999（5 起）比主选 ¥1.1812（5 起）便宜 15%（尺寸、参数差异见 parts.csv alternatives 列）,立创商城（按 C96093 下单）
BZ-002,5V 无源蜂鸣器 12×8.5,C409842,5:0.9463,需买 5，¥0.9463,≤¥0.9463（更高档未核）,≤¥0.9463（更高档未核）,只核到起订档（立创接口在云端被拦，1/10/100 档待 refresh_prices.py 联网刷新）,淘宝未核（需登录）,淘宝未核（需登录）,无源蜂鸣器 5V 12*8.5,立创：单只单价、不含运费，按标注的起订档；淘宝：未核,2026-10-02,0,冷门,嘉立创库存 1480、立创商城库存 34（C409842，2026-10-02 接口记录）；淘宝销量未核（需登录）,无（替代 C968749（Cy-12085G-3016-P4，CY(Changzhou Chaoyin Elec)） 没有明显优势：起订价低不到 5%、嘉立创库存不到主选 2 倍；只作缺货备选）,立创商城（按 C409842 下单）
BZ-003,5V 有源蜂鸣器 9×5.5 小型（0905 类）,C96493,5:1.4092,需买 5，¥1.4092,≤¥1.4092（更高档未核）,≤¥1.4092（更高档未核）,只核到起订档（立创接口在云端被拦，1/10/100 档待 refresh_prices.py 联网刷新）,淘宝未核（需登录）,淘宝未核（需登录）,有源蜂鸣器 5V 0905 9*5.5,立创：单只单价、不含运费，按标注的起订档；淘宝：未核,2026-10-02,0,常用,嘉立创库存 46101、立创商城库存 8367（C96493，2026-10-02 接口记录）；淘宝销量未核（需登录）,无（库内无同功能更优件；立创未记录替代编号）,立创商城（按 C96493 下单）
BAT-001,18650 单节电池座（直插）,C5290176,1:4.25,¥4.25,≤¥4.25（更高档未核）,≤¥4.25（更高档未核）,只核到起订档（立创接口在云端被拦，1/10/100 档待 refresh_prices.py 联网刷新）,淘宝未核（需登录）,淘宝未核（需登录）,18650 电池座 单节 直插,立创：单只单价、不含运费，按标注的起订档；淘宝：未核,2026-10-02,0,冷门,嘉立创库存 4702、立创商城库存 4055（C5290176，2026-10-02 接口记录）；淘宝销量未核（需登录）,无（替代 C19184084（BH-18650-A6AJ012，MYOUNG） 没有明显优势：起订价低不到 5%、嘉立创库存不到主选 2 倍；只作缺货备选）,立创商城（按 C5290176 下单）
BAT-002,CR2032 纽扣电池座（直插，MYOUNG BS-07）,C2979167,5:2.4291,需买 5，¥2.4291,≤¥2.4291（更高档未核）,≤¥2.4291（更高档未核）,只核到起订档（立创接口在云端被拦，1/10/100 档待 refresh_prices.py 联网刷新）,淘宝未核（需登录）,淘宝未核（需登录）,CR2032 电池座 直插 BS-07,立创：单只单价、不含运费，按标注的起订档；淘宝：未核,2026-10-02,0,冷门,嘉立创库存 1076、立创商城库存 206（C2979167，2026-10-02 接口记录）；淘宝销量未核（需登录）,无（库内无同功能更优件；立创未记录替代编号）,立创商城（按 C2979167 下单）
TERM-003,5.08mm 螺钉端子 2P（KF301-5.08 同款）,C8465,5:0.8217,需买 5，¥0.8217,≤¥0.8217（更高档未核）,≤¥0.8217（更高档未核）,只核到起订档（立创接口在云端被拦，1/10/100 档待 refresh_prices.py 联网刷新）,淘宝未核（需登录）,淘宝未核（需登录）,KF301-5.08 接线端子 2P,立创：单只单价、不含运费，按标注的起订档；淘宝：未核,2026-10-02,0,大众,嘉立创库存 266219、立创商城库存 44137（C8465，2026-10-02 接口记录）；淘宝销量未核（需登录）,无（库内无同功能更优件；立创未记录替代编号）,立创商城（按 C8465 下单）
TERM-004,5.08mm 螺钉端子 3P（KF301-5.08 同款）,C72334,5:1.3193,需买 5，¥1.3193,≤¥1.3193（更高档未核）,≤¥1.3193（更高档未核）,只核到起订档（立创接口在云端被拦，1/10/100 档待 refresh_prices.py 联网刷新）,淘宝未核（需登录）,淘宝未核（需登录）,KF301-5.08 接线端子 3P,立创：单只单价、不含运费，按标注的起订档；淘宝：未核,2026-10-02,0,大众,嘉立创库存 209523、立创商城库存 38178（C72334，2026-10-02 接口记录）；淘宝销量未核（需登录）,无（库内无同功能更优件；立创未记录替代编号）,立创商城（按 C72334 下单）
RES-001,1/4W 金属膜电阻 1%，卧装 7.62 mm,C57435,50:0.086,需买 50，¥0.086,需买 50，¥0.086,≤¥0.086（更高档未核）,只核到起订档（立创接口在云端被拦，1/10/100 档待 refresh_prices.py 联网刷新）,淘宝未核（需登录）,淘宝未核（需登录）,1/4W 金属膜电阻 1% 色环 直插,立创：单只单价、不含运费，按标注的起订档；淘宝：未核,2026-10-02,0,大众,嘉立创库存 151160、立创商城库存 2911（C57435，2026-10-02 接口记录）；淘宝销量未核（需登录）,C2903232（MF1/4W-10K±1%-ST52，VO）：起订价 ¥0.0571（100 起）比主选 ¥0.086（50 起）便宜 34%（尺寸、参数差异见 parts.csv alternatives 列）,立创商城（按 C57435 下单）
RES-002,1/4W 金属膜电阻 1%，卧装 10.16 mm,C57436,50:0.0864,需买 50，¥0.0864,需买 50，¥0.0864,≤¥0.0864（更高档未核）,只核到起订档（立创接口在云端被拦，1/10/100 档待 refresh_prices.py 联网刷新）,淘宝未核（需登录）,淘宝未核（需登录）,1/4W 金属膜电阻 1% 色环 直插,立创：单只单价、不含运费，按标注的起订档；淘宝：未核,2026-10-02,0,大众,嘉立创库存 155174、立创商城库存 2961（C57436，2026-10-02 接口记录）；淘宝销量未核（需登录）,C119347（MF1/4W-10KΩ±1% T，CCO(Chian Chia Elec)）：起订价 ¥0.069（50 起）比主选 ¥0.0864（50 起）便宜 20%（尺寸、参数差异见 parts.csv alternatives 列）,立创商城（按 C57436 下单）
POT-001,3296W 多圈精密可调电阻 10kΩ,C34846,1:5.18,¥5.18,≤¥5.18（更高档未核）,≤¥5.18（更高档未核）,只核到起订档（立创接口在云端被拦，1/10/100 档待 refresh_prices.py 联网刷新）,淘宝未核（需登录）,淘宝未核（需登录）,3296W 精密可调电阻 103,立创：单只单价、不含运费，按标注的起订档；淘宝：未核,2026-10-02,0,常用,嘉立创库存 38425、立创商城库存 37881（C34846，2026-10-02 接口记录）；淘宝销量未核（需登录）,C118954（3296W-1-103，BOCHEN(Chengdu Guosheng Tech)）：起订价 ¥1.1603（5 起）比主选 ¥5.18（1 起）便宜 78%（尺寸、参数差异见 parts.csv alternatives 列）,立创商城（按 C34846 下单）
CAP-001,瓷片电容 104（100nF/50V），脚距 5.08 mm,C254085,20:0.1592,需买 20，¥0.1592,需买 20，¥0.1592,≤¥0.1592（更高档未核）,只核到起订档（立创接口在云端被拦，1/10/100 档待 refresh_prices.py 联网刷新）,淘宝未核（需登录）,淘宝未核（需登录）,瓷片电容 104 50V 直插 5.08,立创：单只单价、不含运费，按标注的起订档；淘宝：未核,2026-10-02,0,大众,嘉立创库存 340043、立创商城库存 16941（C254085，2026-10-02 接口记录）；淘宝销量未核（需登录）,C2832508（CC1H104ZC1FD3F5O1100，Dersonic）：起订价 ¥0.1264（50 起）比主选 ¥0.1592（20 起）便宜 21%（尺寸、参数差异见 parts.csv alternatives 列）,立创商城（按 C254085 下单）
CAP-002,瓷片电容 103（10nF/50V），脚距 5.08 mm,C2761727,50:0.106,需买 50，¥0.106,需买 50，¥0.106,≤¥0.106（更高档未核）,只核到起订档（立创接口在云端被拦，1/10/100 档待 refresh_prices.py 联网刷新）,淘宝未核（需登录）,淘宝未核（需登录）,瓷片电容 103 50V 直插,立创：单只单价、不含运费，按标注的起订档；淘宝：未核,2026-10-02,0,常用,嘉立创库存 6073、立创商城库存 113（C2761727，2026-10-02 接口记录）；淘宝销量未核（需登录）,C263209（CC3A103MC1IEF48C30MF，Dersonic）：嘉立创库存 77212 比主选 6073 多，更好买（尺寸、参数差异见 parts.csv alternatives 列）,立创商城（按 C2761727 下单）
CAP-003,瓷片电容 22pF（晶振负载），脚距 5 mm,C260725,20:0.1622,需买 20，¥0.1622,需买 20，¥0.1622,≤¥0.1622（更高档未核）,只核到起订档（立创接口在云端被拦，1/10/100 档待 refresh_prices.py 联网刷新）,淘宝未核（需登录）,淘宝未核（需登录）,瓷片电容 22pF 直插,立创：单只单价、不含运费，按标注的起订档；淘宝：未核,2026-10-02,0,冷门,嘉立创库存 4547、立创商城库存 227（C260725，2026-10-02 接口记录）；淘宝销量未核（需登录）,无（替代 C694484（CC45SL3AD220JYNNA，TDK） 没有明显优势：起订价低不到 5%、嘉立创库存不到主选 2 倍；只作缺货备选）,立创商城（按 C260725 下单）
CAP-004,独石电容 104（100nF/50V X7R），脚距 5.08 mm,C84772,10:0.2472,需买 10，¥0.2472,¥0.2472,≤¥0.2472（更高档未核）,只核到起订档（立创接口在云端被拦，1/10/100 档待 refresh_prices.py 联网刷新）,淘宝未核（需登录）,淘宝未核（需登录）,独石电容 104 50V 直插 5.08,立创：单只单价、不含运费，按标注的起订档；淘宝：未核,2026-10-02,0,常用,嘉立创库存 41405、立创商城库存 4073（C84772，2026-10-02 接口记录）；淘宝销量未核（需登录）,无（替代 C263181（CD1H104KC94ER1D000，Dersonic） 没有明显优势：起订价低不到 5%、嘉立创库存不到主选 2 倍；只作缺货备选）,立创商城（按 C84772 下单）
CAP-010,电解电容 10µF/25V Φ5×11,C43347,50:0.1121,需买 50，¥0.1121,需买 50，¥0.1121,≤¥0.1121（更高档未核）,只核到起订档（立创接口在云端被拦，1/10/100 档待 refresh_prices.py 联网刷新）,淘宝未核（需登录）,淘宝未核（需登录）,电解电容 10uF 25V 5*11,立创：单只单价、不含运费，按标注的起订档；淘宝：未核,2026-10-02,0,大众,嘉立创库存 57093、立创商城库存 1112（C43347，2026-10-02 接口记录）；淘宝销量未核（需登录）,无（替代 C216293（RL1E100MC110A00CV0，Changzhou Huawei Elec） 没有明显优势：起订价低不到 5%、嘉立创库存不到主选 2 倍；只作缺货备选）,立创商城（按 C43347 下单）
CAP-011,电解电容 100µF/16V Φ5×11,C43348,50:0.1185,需买 50，¥0.1185,需买 50，¥0.1185,≤¥0.1185（更高档未核）,只核到起订档（立创接口在云端被拦，1/10/100 档待 refresh_prices.py 联网刷新）,淘宝未核（需登录）,淘宝未核（需登录）,电解电容 100uF 16V 5*11,立创：单只单价、不含运费，按标注的起订档；淘宝：未核,2026-10-02,0,大众,嘉立创库存 95053、立创商城库存 1838（C43348，2026-10-02 接口记录）；淘宝销量未核（需登录）,C2960368（16V100uF CD288，HRK）：起订价 ¥0.0993（50 起）比主选 ¥0.1185（50 起）便宜 16%（尺寸、参数差异见 parts.csv alternatives 列）,立创商城（按 C43348 下单）
CAP-012,电解电容 220µF/16V Φ6.3×11,C43349,20:0.1681,需买 20，¥0.1681,需买 20，¥0.1681,≤¥0.1681（更高档未核）,只核到起订档（立创接口在云端被拦，1/10/100 档待 refresh_prices.py 联网刷新）,淘宝未核（需登录）,淘宝未核（需登录）,电解电容 220uF 16V 6.3*11,立创：单只单价、不含运费，按标注的起订档；淘宝：未核,2026-10-02,0,大众,嘉立创库存 133300、立创商城库存 6130（C43349，2026-10-02 接口记录）；淘宝销量未核（需登录）,无（替代 C47344173（ERG16V220M6X11，jieerrui） 没有明显优势：起订价低不到 5%、嘉立创库存不到主选 2 倍；只作缺货备选）,立创商城（按 C43349 下单）
CAP-013,电解电容 470µF/16V Φ8×12,C28067,20:0.2674,需买 20，¥0.2674,需买 20，¥0.2674,≤¥0.2674（更高档未核）,只核到起订档（立创接口在云端被拦，1/10/100 档待 refresh_prices.py 联网刷新）,淘宝未核（需登录）,淘宝未核（需登录）,电解电容 470uF 16V 8*12,立创：单只单价、不含运费，按标注的起订档；淘宝：未核,2026-10-02,0,大众,嘉立创库存 99480、立创商城库存 4642（C28067，2026-10-02 接口记录）；淘宝销量未核（需登录）,无（替代 C47344174（ERG16V470M8X12，jieerrui） 没有明显优势：起订价低不到 5%、嘉立创库存不到主选 2 倍；只作缺货备选）,立创商城（按 C28067 下单）
CAP-014,电解电容 1000µF/16V Φ8×16,C43832,10:0.4448,需买 10，¥0.4448,¥0.4448,≤¥0.4448（更高档未核）,只核到起订档（立创接口在云端被拦，1/10/100 档待 refresh_prices.py 联网刷新）,淘宝未核（需登录）,淘宝未核（需登录）,电解电容 1000uF 16V 8*16,立创：单只单价、不含运费，按标注的起订档；淘宝：未核,2026-10-02,0,大众,嘉立创库存 99297、立创商城库存 9648（C43832，2026-10-02 接口记录）；淘宝销量未核（需登录）,无（替代 C49256792（ERA16V1000M8X16，jieerrui） 没有明显优势：起订价低不到 5%、嘉立创库存不到主选 2 倍；只作缺货备选）,立创商城（按 C43832 下单）
CAP-015,电解电容 1000µF/10V Φ8×12,C10752,20:0.3007,需买 20，¥0.3007,需买 20，¥0.3007,≤¥0.3007（更高档未核）,只核到起订档（立创接口在云端被拦，1/10/100 档待 refresh_prices.py 联网刷新）,淘宝未核（需登录）,淘宝未核（需登录）,电解电容 1000uF 10V 8*12,立创：单只单价、不含运费，按标注的起订档；淘宝：未核,2026-10-02,0,大众,嘉立创库存 60656、立创商城库存 2945（C10752，2026-10-02 接口记录）；淘宝销量未核（需登录）,C3299（GR108M010F12RR0VL4FP0，CX(Dongguan Chengxing Elec)）：嘉立创库存 125856 比主选 60656 多，更好买（尺寸、参数差异见 parts.csv alternatives 列）,立创商城（按 C10752 下单）
FUS-001,直插自恢复保险丝 0.5A,C21025,5:0.644,需买 5，¥0.644,≤¥0.644（更高档未核）,≤¥0.644（更高档未核）,只核到起订档（立创接口在云端被拦，1/10/100 档待 refresh_prices.py 联网刷新）,淘宝未核（需登录）,淘宝未核（需登录）,自恢复保险丝 0.5A 60V 直插,立创：单只单价、不含运费，按标注的起订档；淘宝：未核,2026-10-02,0,常用,嘉立创库存 7811、立创商城库存 1557（C21025，2026-10-02 接口记录）；淘宝销量未核（需登录）,无（替代 C208476（MF-R050，BOURNS） 没有明显优势：起订价低不到 5%、嘉立创库存不到主选 2 倍；只作缺货备选）,立创商城（按 C21025 下单）
FUS-002,直插自恢复保险丝 1.1A,C21017,5:0.8599,需买 5，¥0.8599,≤¥0.8599（更高档未核）,≤¥0.8599（更高档未核）,只核到起订档（立创接口在云端被拦，1/10/100 档待 refresh_prices.py 联网刷新）,淘宝未核（需登录）,淘宝未核（需登录）,自恢复保险丝 1.1A 30V 直插,立创：单只单价、不含运费，按标注的起订档；淘宝：未核,2026-10-02,0,冷门,嘉立创库存 4225、立创商城库存 845（C21017，2026-10-02 接口记录）；淘宝销量未核（需登录）,无（替代 C208481（MF-R110，BOURNS） 没有明显优势：起订价低不到 5%、嘉立创库存不到主选 2 倍；只作缺货备选）,立创商城（按 C21017 下单）
FUS-003,直插自恢复保险丝 2A,C21019,5:1.3292,需买 5，¥1.3292,≤¥1.3292（更高档未核）,≤¥1.3292（更高档未核）,只核到起订档（立创接口在云端被拦，1/10/100 档待 refresh_prices.py 联网刷新）,淘宝未核（需登录）,淘宝未核（需登录）,自恢复保险丝 2A 30V 直插,立创：单只单价、不含运费，按标注的起订档；淘宝：未核,2026-10-02,0,常用,嘉立创库存 16884、立创商城库存 3376（C21019，2026-10-02 接口记录）；淘宝销量未核（需登录）,C369092（JK60-200，Jinrui Electronic Materials Co.）：起订价 ¥0.6048（5 起）比主选 ¥1.3292（5 起）便宜 54%（尺寸、参数差异见 parts.csv alternatives 列）,立创商城（按 C21019 下单）
DIO-001,开关二极管 1N4148（DO-35）,C84410,50:0.1169,需买 50，¥0.1169,需买 50，¥0.1169,≤¥0.1169（更高档未核）,只核到起订档（立创接口在云端被拦，1/10/100 档待 refresh_prices.py 联网刷新）,淘宝未核（需登录）,淘宝未核（需登录）,1N4148 直插 DO-35,立创：单只单价、不含运费，按标注的起订档；淘宝：未核,2026-10-02,0,大众,嘉立创库存 105609、立创商城库存 2112（C84410，2026-10-02 接口记录）；淘宝销量未核（需登录）,C85057（1N4148，Changzhou Starsea Elec）：起订价 ¥0.0753（50 起）比主选 ¥0.1169（50 起）便宜 36%（尺寸、参数差异见 parts.csv alternatives 列）,立创商城（按 C84410 下单）
DIO-002,整流二极管 1N4007（DO-41）,C402311,50:0.1395,需买 50，¥0.1395,需买 50，¥0.1395,≤¥0.1395（更高档未核）,只核到起订档（立创接口在云端被拦，1/10/100 档待 refresh_prices.py 联网刷新）,淘宝未核（需登录）,淘宝未核（需登录）,1N4007 直插 DO-41,立创：单只单价、不含运费，按标注的起订档；淘宝：未核,2026-10-02,0,大众,嘉立创库存 185742、立创商城库存 3714（C402311，2026-10-02 接口记录）；淘宝销量未核（需登录）,无（替代 C2457（1N4007G，MDD(Microdiode Semiconductor)） 没有明显优势：起订价低不到 5%、嘉立创库存不到主选 2 倍；只作缺货备选）,立创商城（按 C402311 下单）
DIO-003,肖特基二极管 1N5819（DO-41）,C2474,20:0.2303,需买 20，¥0.2303,需买 20，¥0.2303,≤¥0.2303（更高档未核）,只核到起订档（立创接口在云端被拦，1/10/100 档待 refresh_prices.py 联网刷新）,淘宝未核（需登录）,淘宝未核（需登录）,1N5819 直插 DO-41,立创：单只单价、不含运费，按标注的起订档；淘宝：未核,2026-10-02,0,大众,嘉立创库存 64383、立创商城库存 3212（C2474，2026-10-02 接口记录）；淘宝销量未核（需登录）,C402218（1N5819，LGE）：起订价 ¥0.1743（20 起）比主选 ¥0.2303（20 起）便宜 24%（尺寸、参数差异见 parts.csv alternatives 列）,立创商城（按 C2474 下单）
DIO-004,稳压二极管 1N4733A 5.1V 1W（DO-41）,C5157516,5:0.5516,需买 5，¥0.5516,≤¥0.5516（更高档未核）,≤¥0.5516（更高档未核）,只核到起订档（立创接口在云端被拦，1/10/100 档待 refresh_prices.py 联网刷新）,淘宝未核（需登录）,淘宝未核（需登录）,1N4733A 5.1V 1W 稳压二极管 直插,立创：单只单价、不含运费，按标注的起订档；淘宝：未核,2026-10-02,0,冷门,嘉立创库存 4402、立创商城库存 880（C5157516，2026-10-02 接口记录）；淘宝销量未核（需登录）,无（替代 C241985（1N4733A-TAP，Vishay Intertech） 没有明显优势：起订价低不到 5%、嘉立创库存不到主选 2 倍；只作缺货备选）,立创商城（按 C5157516 下单）
DIO-005,单向 TVS P6KE6.8A（DO-15）,C409413,5:0.7191,需买 5，¥0.7191,≤¥0.7191（更高档未核）,≤¥0.7191（更高档未核）,只核到起订档（立创接口在云端被拦，1/10/100 档待 refresh_prices.py 联网刷新）,淘宝未核（需登录）,淘宝未核（需登录）,P6KE6.8A 单向 TVS 直插,立创：单只单价、不含运费，按标注的起订档；淘宝：未核,2026-10-02,0,冷门,嘉立创库存 3599、立创商城库存 719（C409413，2026-10-02 接口记录）；淘宝销量未核（需登录）,C713671（P6KE6.8A，LGE）：起订价 ¥0.4385（10 起）比主选 ¥0.7191（5 起）便宜 39%（尺寸、参数差异见 parts.csv alternatives 列）,立创商城（按 C409413 下单）
LED-001,5mm 红色 LED,C2895492,20:0.1926,需买 20，¥0.1926,需买 20，¥0.1926,≤¥0.1926（更高档未核）,只核到起订档（立创接口在云端被拦，1/10/100 档待 refresh_prices.py 联网刷新）,淘宝未核（需登录）,淘宝未核（需登录）,5mm LED 红色 雾状 直插,立创：单只单价、不含运费，按标注的起订档；淘宝：未核,2026-10-02,0,大众,嘉立创库存 188815、立创商城库存 9440（C2895492，2026-10-02 接口记录）；淘宝销量未核（需登录）,无（替代 C87271（333-2SURD/S530-A3，Everlight Elec） 没有明显优势：起订价低不到 5%、嘉立创库存不到主选 2 倍；只作缺货备选）,立创商城（按 C2895492 下单）
LED-002,5mm 绿色 LED（黄绿，低压降）,C2895550,20:0.1937,需买 20，¥0.1937,需买 20，¥0.1937,≤¥0.1937（更高档未核）,只核到起订档（立创接口在云端被拦，1/10/100 档待 refresh_prices.py 联网刷新）,淘宝未核（需登录）,淘宝未核（需登录）,5mm LED 绿色 雾状 直插,立创：单只单价、不含运费，按标注的起订档；淘宝：未核,2026-10-02,0,常用,嘉立创库存 17613、立创商城库存 855（C2895550，2026-10-02 接口记录）；淘宝销量未核（需登录）,C2895548（XL-502UGD，XINGLIGHT）：嘉立创库存 131828 比主选 17613 多，更好买（尺寸、参数差异见 parts.csv alternatives 列）,立创商城（按 C2895550 下单）
LED-003,5mm 蓝色 LED,C2895496,20:0.1941,需买 20，¥0.1941,需买 20，¥0.1941,≤¥0.1941（更高档未核）,只核到起订档（立创接口在云端被拦，1/10/100 档待 refresh_prices.py 联网刷新）,淘宝未核（需登录）,淘宝未核（需登录）,5mm LED 蓝色 雾状 直插,立创：单只单价、不含运费，按标注的起订档；淘宝：未核,2026-10-02,0,常用,嘉立创库存 12377、立创商城库存 591（C2895496，2026-10-02 接口记录）；淘宝销量未核（需登录）,无（替代 C2895488（XL-502UBC，XINGLIGHT） 没有明显优势：起订价低不到 5%、嘉立创库存不到主选 2 倍；只作缺货备选）,立创商城（按 C2895496 下单）
LED-004,5mm 黄色 LED,C2895494,20:0.2293,需买 20，¥0.2293,需买 20，¥0.2293,≤¥0.2293（更高档未核）,只核到起订档（立创接口在云端被拦，1/10/100 档待 refresh_prices.py 联网刷新）,淘宝未核（需登录）,淘宝未核（需登录）,5mm LED 黄色 雾状 直插,立创：单只单价、不含运费，按标注的起订档；淘宝：未核,2026-10-02,0,常用,嘉立创库存 21954、立创商城库存 1097（C2895494，2026-10-02 接口记录）；淘宝销量未核（需登录）,无（替代 C2895486（XL-502UYC，XINGLIGHT） 没有明显优势：起订价低不到 5%、嘉立创库存不到主选 2 倍；只作缺货备选）,立创商城（按 C2895494 下单）
LED-005,5mm 白色 LED,C2895480,20:0.2057,需买 20，¥0.2057,需买 20，¥0.2057,≤¥0.2057（更高档未核）,只核到起订档（立创接口在云端被拦，1/10/100 档待 refresh_prices.py 联网刷新）,淘宝未核（需登录）,淘宝未核（需登录）,5mm LED 白色 直插,立创：单只单价、不含运费，按标注的起订档；淘宝：未核,2026-10-02,0,大众,嘉立创库存 67776、立创商城库存 3388（C2895480，2026-10-02 接口记录）；淘宝销量未核（需登录）,无（替代 C2895481（XL-504UWC，XINGLIGHT） 没有明显优势：起订价低不到 5%、嘉立创库存不到主选 2 倍；只作缺货备选）,立创商城（按 C2895480 下单）
LED-006,3mm 红色 LED,C2895470,20:0.1593,需买 20，¥0.1593,需买 20，¥0.1593,≤¥0.1593（更高档未核）,只核到起订档（立创接口在云端被拦，1/10/100 档待 refresh_prices.py 联网刷新）,淘宝未核（需登录）,淘宝未核（需登录）,3mm LED 红色 雾状 直插,立创：单只单价、不含运费，按标注的起订档；淘宝：未核,2026-10-02,0,大众,嘉立创库存 326818、立创商城库存 16256（C2895470，2026-10-02 接口记录）；淘宝销量未核（需登录）,无（替代 C99772（204-10SURD/S530-A3，Everlight Elec） 没有明显优势：起订价低不到 5%、嘉立创库存不到主选 2 倍；只作缺货备选）,立创商城（按 C2895470 下单）
LED-007,3mm 绿色 LED（黄绿，低压降）,C2895478,20:0.1872,需买 20，¥0.1872,需买 20，¥0.1872,≤¥0.1872（更高档未核）,只核到起订档（立创接口在云端被拦，1/10/100 档待 refresh_prices.py 联网刷新）,淘宝未核（需登录）,淘宝未核（需登录）,3mm LED 绿色 雾状 直插,立创：单只单价、不含运费，按标注的起订档；淘宝：未核,2026-10-02,0,常用,嘉立创库存 14812、立创商城库存 726（C2895478，2026-10-02 接口记录）；淘宝销量未核（需登录）,C2895476（XL-302UGD，XINGLIGHT）：起订价 ¥0.1683（20 起）比主选 ¥0.1872（20 起）便宜 10%；嘉立创库存 307471 比主选 14812 多，更好买（尺寸、参数差异见 parts.csv alternatives 列）,立创商城（按 C2895478 下单）
LED-008,3mm 蓝色 LED,C2895474,20:0.1765,需买 20，¥0.1765,需买 20，¥0.1765,≤¥0.1765（更高档未核）,只核到起订档（立创接口在云端被拦，1/10/100 档待 refresh_prices.py 联网刷新）,淘宝未核（需登录）,淘宝未核（需登录）,3mm LED 蓝色 雾状 直插,立创：单只单价、不含运费，按标注的起订档；淘宝：未核,2026-10-02,0,常用,嘉立创库存 42279、立创商城库存 2113（C2895474，2026-10-02 接口记录）；淘宝销量未核（需登录）,无（替代 C2895464（XL-302UBC，XINGLIGHT） 没有明显优势：起订价低不到 5%、嘉立创库存不到主选 2 倍；只作缺货备选）,立创商城（按 C2895474 下单）
LED-009,3mm 黄色 LED,C2895472,20:0.2034,需买 20，¥0.2034,需买 20，¥0.2034,≤¥0.2034（更高档未核）,只核到起订档（立创接口在云端被拦，1/10/100 档待 refresh_prices.py 联网刷新）,淘宝未核（需登录）,淘宝未核（需登录）,3mm LED 黄色 雾状 直插,立创：单只单价、不含运费，按标注的起订档；淘宝：未核,2026-10-02,0,常用,嘉立创库存 49566、立创商城库存 2478（C2895472，2026-10-02 接口记录）；淘宝销量未核（需登录）,无（替代 C2895473（XL-304UYD，XINGLIGHT） 没有明显优势：起订价低不到 5%、嘉立创库存不到主选 2 倍；只作缺货备选）,立创商城（按 C2895472 下单）
LED-010,3mm 白色 LED,C2895458,20:0.1759,需买 20，¥0.1759,需买 20，¥0.1759,≤¥0.1759（更高档未核）,只核到起订档（立创接口在云端被拦，1/10/100 档待 refresh_prices.py 联网刷新）,淘宝未核（需登录）,淘宝未核（需登录）,3mm LED 白色 直插,立创：单只单价、不含运费，按标注的起订档；淘宝：未核,2026-10-02,0,常用,嘉立创库存 35606、立创商城库存 1734（C2895458，2026-10-02 接口记录）；淘宝销量未核（需登录）,无（替代 C2895459（XL-304UWC，XINGLIGHT） 没有明显优势：起订价低不到 5%、嘉立创库存不到主选 2 倍；只作缺货备选）,立创商城（按 C2895458 下单）
Q-001,NPN 三极管 S8050（TO-92）,C717453,20:0.1586,需买 20，¥0.1586,需买 20，¥0.1586,≤¥0.1586（更高档未核）,只核到起订档（立创接口在云端被拦，1/10/100 档待 refresh_prices.py 联网刷新）,淘宝未核（需登录）,淘宝未核（需登录）,S8050 TO-92 直插 三极管,立创：单只单价、不含运费，按标注的起订档；淘宝：未核,2026-10-02,0,常用,嘉立创库存 10669、立创商城库存 492（C717453，2026-10-02 接口记录）；淘宝销量未核（需登录）,"无（替代 C8327（S8050(RANGE:160-300)，Jiangsu Changjing Electronics Technology Co., Ltd.） 没有明显优势：起订价低不到 5%、嘉立创库存不到主选 2 倍；只作缺货备选）",立创商城（按 C717453 下单）
Q-002,PNP 三极管 S8550（TO-92）,C717454,20:0.1452,需买 20，¥0.1452,需买 20，¥0.1452,≤¥0.1452（更高档未核）,只核到起订档（立创接口在云端被拦，1/10/100 档待 refresh_prices.py 联网刷新）,淘宝未核（需登录）,淘宝未核（需登录）,S8550 TO-92 直插 三极管,立创：单只单价、不含运费，按标注的起订档；淘宝：未核,2026-10-02,0,冷门,嘉立创库存 2004、立创商城库存 100（C717454，2026-10-02 接口记录）；淘宝销量未核（需登录）,"无（替代 C141644（S8550(RANGE:160-300)，Jiangsu Changjing Electronics Technology Co., Ltd.） 没有明显优势：起订价低不到 5%、嘉立创库存不到主选 2 倍；只作缺货备选）",立创商城（按 C717454 下单）
OPT-001,光耦 PC817（DIP-4）,C96006,5:0.5789,需买 5，¥0.5789,≤¥0.5789（更高档未核）,≤¥0.5789（更高档未核）,只核到起订档（立创接口在云端被拦，1/10/100 档待 refresh_prices.py 联网刷新）,淘宝未核（需登录）,淘宝未核（需登录）,PC817 DIP-4 光耦,立创：单只单价、不含运费，按标注的起订档；淘宝：未核,2026-10-02,0,常用,嘉立创库存 31496、立创商城库存 5518（C96006，2026-10-02 接口记录）；淘宝销量未核（需登录）,C181890（EL817(C)-F，Everlight Elec）：起订价 ¥0.2887（20 起）比主选 ¥0.5789（5 起）便宜 50%；嘉立创库存 661119 比主选 31496 多，更好买（尺寸、参数差异见 parts.csv alternatives 列）,立创商城（按 C96006 下单）
REG-002,3.3V 800mA LDO LD1117V33（TO-220）,C283467,1:2.87,¥2.87,≤¥2.87（更高档未核）,≤¥2.87（更高档未核）,只核到起订档（立创接口在云端被拦，1/10/100 档待 refresh_prices.py 联网刷新）,淘宝未核（需登录）,淘宝未核（需登录）,LD1117V33 TO-220,立创：单只单价、不含运费，按标注的起订档；淘宝：未核,2026-10-02,0,常用,嘉立创库存 6092、立创商城库存 6092（C283467，2026-10-02 接口记录）；淘宝销量未核（需登录）,无（替代 C672117（LD1117V33C，STMicroelectronics） 没有明显优势：起订价低不到 5%、嘉立创库存不到主选 2 倍；只作缺货备选）,立创商城（按 C283467 下单）
REG-003,3.3V 3A LDO LM1085-3.3（TO-220）,C444383,5:2.3605,需买 5，¥2.3605,≤¥2.3605（更高档未核）,≤¥2.3605（更高档未核）,只核到起订档（立创接口在云端被拦，1/10/100 档待 refresh_prices.py 联网刷新）,淘宝未核（需登录）,淘宝未核（需登录）,LM1085IT-3.3 TO-220,立创：单只单价、不含运费，按标注的起订档；淘宝：未核,2026-10-02,0,冷门,嘉立创库存 930、立创商城库存 186（C444383，2026-10-02 接口记录）；淘宝销量未核（需登录）,无（替代 C49384189（LM1085IT-3.3/HG，HGSEMI） 没有明显优势：起订价低不到 5%、嘉立创库存不到主选 2 倍；只作缺货备选）,立创商城（按 C444383 下单）
REG-004,5V 1.5A 稳压 L7805CV（TO-220）,C111887,1:2.23,¥2.23,≤¥2.23（更高档未核）,≤¥2.23（更高档未核）,只核到起订档（立创接口在云端被拦，1/10/100 档待 refresh_prices.py 联网刷新）,淘宝未核（需登录）,淘宝未核（需登录）,L7805CV TO-220,立创：单只单价、不含运费，按标注的起订档；淘宝：未核,2026-10-02,0,常用,嘉立创库存 26292、立创商城库存 26176（C111887，2026-10-02 接口记录）；淘宝销量未核（需登录）,"C347289（L7805CV(UMW)，UMW(Youtai Semiconductor Co., Ltd.)）：起订价 ¥1.1872（5 起）比主选 ¥2.23（1 起）便宜 47%；嘉立创库存 133011 比主选 26292 多，更好买（尺寸、参数差异见 parts.csv alternatives 列）",立创商城（按 C111887 下单）
MCU-001,立创 ESP32-S3 核心板 LCKFB-ESP32S3R8N8（40P）,C20626143,1:35.9,¥35.9,≤¥35.9（更高档未核）,≤¥35.9（更高档未核）,只核到起订档（立创接口在云端被拦，1/10/100 档待 refresh_prices.py 联网刷新）,淘宝未核（需登录）,淘宝未核（需登录）,立创 ESP32S3R8N8 开发板,立创：单只单价、不含运费，按标注的起订档；淘宝：未核,2026-10-02,0,未核,未核：无专用驱动库（模拟/开关量或电源模块），库数不能代表热度；淘宝销量需登录；嘉立创库存 397、立创商城库存 397（C20626143，2026-10-02 接口记录）,乐鑫 ESP32-S3-DevKitC-1（MCU-004）：官方板，针序有官方图、教程最多；立创核心板的好处是立创商城可直接配单,立创商城（按 C20626143 下单）
MCU-002,立创·地猛星 STM32F103C8T6 核心板（Type-C）,C22396880,1:11.46,¥11.46,≤¥11.46（更高档未核）,≤¥11.46（更高档未核）,只核到起订档（立创接口在云端被拦，1/10/100 档待 refresh_prices.py 联网刷新）,淘宝未核（需登录）,淘宝未核（需登录）,立创 地猛星 STM32F103C8T6,立创：单只单价、不含运费，按标注的起订档；淘宝：未核,2026-10-02,0,未核,未核：无专用驱动库（模拟/开关量或电源模块），库数不能代表热度；淘宝销量需登录；嘉立创库存 783、立创商城库存 783（C22396880，2026-10-02 接口记录）,Blue Pill（MCU-003）脚位相同、教程多但芯片常为兼容片；要正品芯片就用地猛星本身,立创商城（按 C22396880 下单）
MCU-003,STM32F103C8T6 最小系统板（蓝色药丸，淘宝）,无,未核,未核,未核,未核,无 C 编号（模块/离板件，立创未售或未建档）,淘宝未核（需登录）,淘宝未核（需登录）,STM32F103C8T6 最小系统板 蓝色,立创：单只单价、不含运费，按标注的起订档；淘宝：未核,未核,,常用,stm32duino/Arduino_Core_STM32 内核 boards.txt 内置专属板型“BluePill F103C8”（2026-10-02 取自 raw.githubusercontent.com）；淘宝销量未核（需登录），未据此定为大众,立创·地猛星（MCU-002）：脚位相同、立创自营可配单；要更强性能和 Type-C 选 BlackPill F411（MCU-015，WeAct 公开原理图）,未核；可先在 优信电子、正点原子 等综合电子店搜关键词（候选，需登录核实）
MCU-004,乐鑫 ESP32-S3-DevKitC-1（44P）,无,未核,未核,未核,未核,无 C 编号（模块/离板件，立创未售或未建档）,淘宝未核（需登录）,淘宝未核（需登录）,ESP32-S3-DevKitC-1 乐鑫官方,立创：单只单价、不含运费，按标注的起订档；淘宝：未核,未核,,未核,未核：无专用驱动库（模拟/开关量或电源模块），库数不能代表热度；淘宝销量需登录,无（乐鑫官方板）；要更小可用立创 ESP32-S3 核心板（MCU-001）,乐鑫官方店（候选，店铺页未核实）
MCU-005,ESP32-S3 N16R8 兼容开发板（淘宝，DevKitC-1 脚位）,无,未核,未核,未核,未核,无 C 编号（模块/离板件，立创未售或未建档）,淘宝未核（需登录）,淘宝未核（需登录）,ESP32-S3 N16R8 开发板 44 针,立创：单只单价、不含运费，按标注的起订档；淘宝：未核,未核,,未核,未核：无专用驱动库（模拟/开关量或电源模块），库数不能代表热度；淘宝销量需登录,乐鑫官方 ESP32-S3-DevKitC-1（MCU-004）：针序有官方图，兼容板各家可能不同,未核；可先在 优信电子、正点原子 等综合电子店搜关键词（候选，需登录核实）
MCU-006,乐鑫 ESP32-DevKitC V4（38P）,无,未核,未核,未核,未核,无 C 编号（模块/离板件，立创未售或未建档）,淘宝未核（需登录）,淘宝未核（需登录）,ESP32-DevKitC V4 38针,立创：单只单价、不含运费，按标注的起订档；淘宝：未核,未核,,未核,未核：无专用驱动库（模拟/开关量或电源模块），库数不能代表热度；淘宝销量需登录,新项目优先 ESP32-S3（MCU-004）：原生 USB、可用 GPIO 更多,乐鑫官方店（候选，店铺页未核实）
MCU-007,ESP32 30P 开发板（DOIT DevKit V1 类，淘宝）,无,未核,未核,未核,未核,无 C 编号（模块/离板件，立创未售或未建档）,淘宝未核（需登录）,淘宝未核（需登录）,ESP32 开发板 30P DOIT,立创：单只单价、不含运费，按标注的起订档；淘宝：未核,未核,,常用,espressif/arduino-esp32 内核 boards.txt 内置专属板型“DOIT ESP32 DEVKIT V1”（2026-10-02 取自 raw.githubusercontent.com）；淘宝销量未核（需登录），未据此定为大众,乐鑫官方 ESP32-DevKitC V4（MCU-006）：针序有官方图；新项目优先 ESP32-S3（MCU-004）,未核；可先在 优信电子、正点原子 等综合电子店搜关键词（候选，需登录核实）
MCU-008,ESP32-C3 SuperMini（淘宝）,无,未核,未核,未核,未核,无 C 编号（模块/离板件，立创未售或未建档）,淘宝未核（需登录）,淘宝未核（需登录）,ESP32-C3 SuperMini,立创：单只单价、不含运费，按标注的起订档；淘宝：未核,未核,,常用,espressif/arduino-esp32 内核 boards.txt 内置专属板型“Nologo ESP32C3 Super Mini”（2026-10-02 取自 raw.githubusercontent.com）；淘宝销量未核（需登录），未据此定为大众,要更多 IO 选 ESP32-S3（MCU-001/MCU-004）,未核；可先在 优信电子、正点原子 等综合电子店搜关键词（候选，需登录核实）
MCU-009,Arduino Nano（含 CH340 兼容版）,无,未核,未核,未核,未核,无 C 编号（模块/离板件，立创未售或未建档）,淘宝未核（需登录）,淘宝未核（需登录）,Arduino Nano CH340,立创：单只单价、不含运费，按标注的起订档；淘宝：未核,未核,,常用,arduino/ArduinoCore-avr 内核 boards.txt 内置专属板型“Arduino Nano”（2026-10-02 取自 raw.githubusercontent.com）；淘宝销量未核（需登录），未据此定为大众,要 WiFi/蓝牙或外设 3.3V 直连：ESP32-C3 SuperMini（MCU-008）；纯 5V 外设时 Nano 本身合适,Arduino 官方授权渠道（正品）或 CH340 兼容版综合店（候选，未核实）
MCU-010,NodeMCU ESP8266 v3（CH340，宽版 27.94）,无,未核,未核,未核,未核,无 C 编号（模块/离板件，立创未售或未建档）,淘宝未核（需登录）,淘宝未核（需登录）,NodeMCU ESP8266 CH340 V3,立创：单只单价、不含运费，按标注的起订档；淘宝：未核,未核,,常用,esp8266/Arduino 内核 boards.txt 内置专属板型“NodeMCU 1.0 (ESP-12E Module)”（2026-10-02 取自 raw.githubusercontent.com）；淘宝销量未核（需登录），未据此定为大众,ESP32-C3 SuperMini（MCU-008）：芯片更新、带 BLE、体积小；NodeMCU v3 板宽，插面包板两侧不留空位,未核；可先在 优信电子、正点原子 等综合电子店搜关键词（候选，需登录核实）
MCU-011,NodeMCU ESP8266 v2（CP2102，窄版 22.86）,无,未核,未核,未核,未核,无 C 编号（模块/离板件，立创未售或未建档）,淘宝未核（需登录）,淘宝未核（需登录）,NodeMCU ESP8266 CP2102,立创：单只单价、不含运费，按标注的起订档；淘宝：未核,未核,,常用,esp8266/Arduino 内核 boards.txt 内置专属板型“NodeMCU 1.0 (ESP-12E Module)”（2026-10-02 取自 raw.githubusercontent.com）；淘宝销量未核（需登录），未据此定为大众,ESP32-C3 SuperMini（MCU-008）：芯片更新、带 BLE、体积小,未核；可先在 优信电子、正点原子 等综合电子店搜关键词（候选，需登录核实）
DSP-001,0.96 寸 I2C OLED 4P（GND 在前）,无,未核,未核,未核,未核,无 C 编号（模块/离板件，立创未售或未建档）,淘宝未核（需登录）,淘宝未核（需登录）,0.96寸 OLED 4针 IIC GND VCC,立创：单只单价、不含运费，按标注的起订档；淘宝：未核,未核,,大众,Arduino 官方库注册表仓库名含 SSD1306 的库 17 个（arduino/library-registry@df95082（2026-10-01）；例：Adafruit_SSD1306_72x40、OLED_Display_SSD1306、Ai_Ardulib_SSD1306）；淘宝销量未核（需登录）,要更大显示用 1.3 寸 SH1106（DSP-003），注意驱动芯片不同、库要换,未核；可先在 优信电子、正点原子 等综合电子店搜关键词（候选，需登录核实）
DSP-002,0.96 寸 I2C OLED 4P（VCC 在前）,无,未核,未核,未核,未核,无 C 编号（模块/离板件，立创未售或未建档）,淘宝未核（需登录）,淘宝未核（需登录）,0.96寸 OLED 4针 IIC VCC GND,立创：单只单价、不含运费，按标注的起订档；淘宝：未核,未核,,大众,Arduino 官方库注册表仓库名含 SSD1306 的库 17 个（arduino/library-registry@df95082（2026-10-01）；例：Adafruit_SSD1306_72x40、OLED_Display_SSD1306、Ai_Ardulib_SSD1306）；淘宝销量未核（需登录）,项目里统一用 GND 在前版（DSP-001），避免两种针序混用接反,未核；可先在 优信电子、正点原子 等综合电子店搜关键词（候选，需登录核实）
DSP-003,1.3 寸 I2C OLED 4P（SH1106，GND 在前）,无,未核,未核,未核,未核,无 C 编号（模块/离板件，立创未售或未建档）,淘宝未核（需登录）,淘宝未核（需登录）,1.3寸 OLED IIC 4针 SH1106,立创：单只单价、不含运费，按标注的起订档；淘宝：未核,未核,,常用,Arduino 官方库注册表仓库名含 SH1106 的库 5 个（arduino/library-registry@df95082（2026-10-01）；例：SitronLabs_SinoWealth_SH1106_Arduino_Library、vega_sh1106、SH1106）；淘宝销量未核（需登录）,无；注意 SH1106 与 SSD1306 驱动不同,未核；可先在 优信电子、正点原子 等综合电子店搜关键词（候选，需登录核实）
DSP-004,1.3 寸 I2C OLED 4P（SH1106，VCC 在前）,无,未核,未核,未核,未核,无 C 编号（模块/离板件，立创未售或未建档）,淘宝未核（需登录）,淘宝未核（需登录）,1.3寸 OLED IIC 4针 VCC GND,立创：单只单价、不含运费，按标注的起订档；淘宝：未核,未核,,常用,Arduino 官方库注册表仓库名含 SH1106 的库 5 个（arduino/library-registry@df95082（2026-10-01）；例：SitronLabs_SinoWealth_SH1106_Arduino_Library、vega_sh1106、SH1106）；淘宝销量未核（需登录）,无；注意 SH1106 与 SSD1306 驱动不同,未核；可先在 优信电子、正点原子 等综合电子店搜关键词（候选，需登录核实）
DSP-005,0.91 寸 I2C OLED 128×32,无,未核,未核,未核,未核,无 C 编号（模块/离板件，立创未售或未建档）,淘宝未核（需登录）,淘宝未核（需登录）,0.91寸 OLED 128x32 IIC,立创：单只单价、不含运费，按标注的起订档；淘宝：未核,未核,,大众,Arduino 官方库注册表仓库名含 SSD1306 的库 17 个（arduino/library-registry@df95082（2026-10-01）；例：Adafruit_SSD1306_72x40、OLED_Display_SSD1306、Ai_Ardulib_SSD1306）；淘宝销量未核（需登录）,要多显示几行用 0.96 寸（DSP-001）,未核；可先在 优信电子、正点原子 等综合电子店搜关键词（候选，需登录核实）
DSP-006,0.96 寸 SPI OLED 7P,无,未核,未核,未核,未核,无 C 编号（模块/离板件，立创未售或未建档）,淘宝未核（需登录）,淘宝未核（需登录）,0.96寸 OLED SPI 7针,立创：单只单价、不含运费，按标注的起订档；淘宝：未核,未核,,大众,Arduino 官方库注册表仓库名含 SSD1306 的库 17 个（arduino/library-registry@df95082（2026-10-01）；例：Adafruit_SSD1306_72x40、OLED_Display_SSD1306、Ai_Ardulib_SSD1306）；淘宝销量未核（需登录）,只要静态显示时 I2C 版（DSP-001）接线更少；SPI 版刷新更快,未核；可先在 优信电子、正点原子 等综合电子店搜关键词（候选，需登录核实）
DSP-007,1.8 寸 SPI TFT ST7735S（8P）,无,未核,未核,未核,未核,无 C 编号（模块/离板件，立创未售或未建档）,淘宝未核（需登录）,淘宝未核（需登录）,1.8寸 TFT ST7735 SPI 8针,立创：单只单价、不含运费，按标注的起订档；淘宝：未核,未核,,冷门,Arduino 官方库注册表仓库名含 ST7735 的库 3 个（arduino/library-registry@df95082（2026-10-01）；例：ST7735_LTSM、Adafruit-ST7735-Library、vega_st7735_and_st7789）；淘宝销量未核（需登录）,ST7789 IPS（DSP-008/DSP-009）：IPS 视角更好,未核；可先在 优信电子、正点原子 等综合电子店搜关键词（候选，需登录核实）
DSP-008,1.54 寸 IPS ST7789 240×240（8P）,无,未核,未核,未核,未核,无 C 编号（模块/离板件，立创未售或未建档）,淘宝未核（需登录）,淘宝未核（需登录）,1.54寸 IPS ST7789 240x240 SPI,立创：单只单价、不含运费，按标注的起订档；淘宝：未核,未核,,常用,Arduino 官方库注册表仓库名含 ST7789 的库 5 个（arduino/library-registry@df95082（2026-10-01）；例：ST7789_LTSM、QRcode_ST7789、vega_st7735_and_st7789）；淘宝销量未核（需登录）,无,未核；可先在 优信电子、正点原子 等综合电子店搜关键词（候选，需登录核实）
DSP-009,2.0 寸 IPS ST7789 240×320（8P）,无,未核,未核,未核,未核,无 C 编号（模块/离板件，立创未售或未建档）,淘宝未核（需登录）,淘宝未核（需登录）,2.0寸 IPS ST7789 240x320 SPI,立创：单只单价、不含运费，按标注的起订档；淘宝：未核,未核,,常用,Arduino 官方库注册表仓库名含 ST7789 的库 5 个（arduino/library-registry@df95082（2026-10-01）；例：ST7789_LTSM、QRcode_ST7789、vega_st7735_and_st7789）；淘宝销量未核（需登录）,无,未核；可先在 优信电子、正点原子 等综合电子店搜关键词（候选，需登录核实）
DSP-010,2.4 寸 SPI TFT ILI9341 带触摸（14P）,无,未核,未核,未核,未核,无 C 编号（模块/离板件，立创未售或未建档）,淘宝未核（需登录）,淘宝未核（需登录）,2.4寸 TFT ILI9341 SPI 触摸 14针,立创：单只单价、不含运费，按标注的起订档；淘宝：未核,未核,,常用,Arduino 官方库注册表仓库名含 ILI9341 的库 9 个（arduino/library-registry@df95082（2026-10-01）；例：ILI9341_LTSM、Adafruit_ILI9341、ILI9341-Layout-Manager）；淘宝销量未核（需登录）,要更小体积用 2.0 寸 ST7789（DSP-009）,未核；可先在 优信电子、正点原子 等综合电子店搜关键词（候选，需登录核实）
DSP-011,2.8 寸 SPI TFT ILI9341 带触摸（14P）,无,未核,未核,未核,未核,无 C 编号（模块/离板件，立创未售或未建档）,淘宝未核（需登录）,淘宝未核（需登录）,2.8寸 TFT ILI9341 SPI 触摸 14针,立创：单只单价、不含运费，按标注的起订档；淘宝：未核,未核,,常用,Arduino 官方库注册表仓库名含 ILI9341 的库 9 个（arduino/library-registry@df95082（2026-10-01）；例：ILI9341_LTSM、Adafruit_ILI9341、ILI9341-Layout-Manager）；淘宝销量未核（需登录）,要更小体积用 2.0 寸 ST7789（DSP-009）,未核；可先在 优信电子、正点原子 等综合电子店搜关键词（候选，需登录核实）
SEG-001,0.56 寸 1 位数码管 共阴（红）,C8093,5:1.3349,需买 5，¥1.3349,≤¥1.3349（更高档未核）,≤¥1.3349（更高档未核）,只核到起订档（立创接口在云端被拦，1/10/100 档待 refresh_prices.py 联网刷新）,淘宝未核（需登录）,淘宝未核（需登录）,0.56寸 一位 数码管 共阴 5161AS,立创：单只单价、不含运费，按标注的起订档；淘宝：未核,2026-10-02,0,常用,嘉立创库存 13109、立创商城库存 2621（C8093，2026-10-02 接口记录）；淘宝销量未核（需登录）,无（库内无同功能更优件；立创未记录替代编号）,立创商城（按 C8093 下单）
SEG-002,0.56 寸 1 位数码管 共阳（红）,C8092,5:1.2807,需买 5，¥1.2807,≤¥1.2807（更高档未核）,≤¥1.2807（更高档未核）,只核到起订档（立创接口在云端被拦，1/10/100 档待 refresh_prices.py 联网刷新）,淘宝未核（需登录）,淘宝未核（需登录）,0.56寸 一位 数码管 共阳 5161BS,立创：单只单价、不含运费，按标注的起订档；淘宝：未核,2026-10-02,0,冷门,嘉立创库存 1648、立创商城库存 329（C8092，2026-10-02 接口记录）；淘宝销量未核（需登录）,无（库内无同功能更优件；立创未记录替代编号）,立创商城（按 C8092 下单）
SEG-003,0.56 寸 4 位数码管 共阴（红）,C54396,1:4.44,¥4.44,≤¥4.44（更高档未核）,≤¥4.44（更高档未核）,只核到起订档（立创接口在云端被拦，1/10/100 档待 refresh_prices.py 联网刷新）,淘宝未核（需登录）,淘宝未核（需登录）,0.56寸 四位 数码管 共阴 5461AS,立创：单只单价、不含运费，按标注的起订档；淘宝：未核,2026-10-02,0,常用,嘉立创库存 6818、立创商城库存 6526（C54396，2026-10-02 接口记录）；淘宝销量未核（需登录）,无（库内无同功能更优件；立创未记录替代编号）,立创商城（按 C54396 下单）
SEG-004,0.56 寸 4 位数码管 共阳（红）,C38183,1:4.53,¥4.53,≤¥4.53（更高档未核）,≤¥4.53（更高档未核）,只核到起订档（立创接口在云端被拦，1/10/100 档待 refresh_prices.py 联网刷新）,淘宝未核（需登录）,淘宝未核（需登录）,0.56寸 四位 数码管 共阳 5461BS,立创：单只单价、不含运费，按标注的起订档；淘宝：未核,2026-10-02,0,冷门,嘉立创库存 2315、立创商城库存 2144（C38183，2026-10-02 接口记录）；淘宝销量未核（需登录）,无（库内无同功能更优件；立创未记录替代编号）,立创商城（按 C38183 下单）
MCU-012,树莓派 Raspberry Pi Pico（RP2040，焊排针直插）,C7203002,1:43.71,¥43.71,≤¥43.71（更高档未核）,≤¥43.71（更高档未核）,只核到起订档（立创接口在云端被拦，1/10/100 档待 refresh_prices.py 联网刷新）,淘宝未核（需登录）,淘宝未核（需登录）,树莓派 Pico RP2040 官方,立创：单只单价、不含运费，按标注的起订档；淘宝：未核,2026-10-02,0,常用,earlephilhower/arduino-pico 内核 boards.txt 内置专属板型“Raspberry Pi Pico”（2026-10-02 取自 raw.githubusercontent.com）；嘉立创库存 1093、立创商城库存 未记录（C7203002，2026-09-19 接口记录）；淘宝销量未核（需登录），未据此定为大众,要 WiFi 选 Pico W（MCU-013），脚位相同,立创商城（按 C7203002 下单）
MCU-013,树莓派 Raspberry Pi Pico W（RP2040 + Wi-Fi）,C7203003,1:78.48,¥78.48,≤¥78.48（更高档未核）,≤¥78.48（更高档未核）,只核到起订档（立创接口在云端被拦，1/10/100 档待 refresh_prices.py 联网刷新）,淘宝未核（需登录）,淘宝未核（需登录）,树莓派 Pico W 无线,立创：单只单价、不含运费，按标注的起订档；淘宝：未核,2026-10-02,0,常用,earlephilhower/arduino-pico 内核 boards.txt 内置专属板型“Raspberry Pi Pico W”（2026-10-02 取自 raw.githubusercontent.com）；嘉立创库存 862、立创商城库存 未记录（C7203003，2026-09-19 接口记录）；淘宝销量未核（需登录），未据此定为大众,不需要无线用 Pico（MCU-012）：脚位相同，立创起订价 ¥43.71 比 Pico W ¥78.48 便宜（交接线索记录）,立创商城（按 C7203003 下单）
MCU-014,STC89C52RC 单片机（PDIP-40，插 IC 座）,C14022,1:9.86,¥9.86,≤¥9.86（更高档未核）,≤¥9.86（更高档未核）,只核到起订档（立创接口在云端被拦，1/10/100 档待 refresh_prices.py 联网刷新）,淘宝未核（需登录）,淘宝未核（需登录）,STC89C52RC 直插 DIP40,立创：单只单价、不含运费，按标注的起订档；淘宝：未核,2026-10-02,0,未核,未核：无专用驱动库（模拟/开关量或电源模块），库数不能代表热度；淘宝销量需登录,课程不要求 51 时优先 Arduino Nano（MCU-009）或 STM32（MCU-002/MCU-003）：USB 直接下载、资料多,立创商城（按 C14022 下单）
MCU-015,WeAct STM32F411CEU6 核心板（BlackPill V3.1）,无,未核,未核,未核,未核,无 C 编号（模块/离板件，立创未售或未建档）,淘宝未核（需登录）,淘宝未核（需登录）,WeAct STM32F411CEU6 核心板,立创：单只单价、不含运费，按标注的起订档；淘宝：未核,未核,,常用,stm32duino/Arduino_Core_STM32 内核 boards.txt 内置专属板型“BlackPill F411CE”（2026-10-02 取自 raw.githubusercontent.com）；淘宝销量未核（需登录），未据此定为大众,无（库内性能最强的 STM32 板）,WeAct 官方店（候选，店铺页未核实）
MCU-016,安信可 ESP32-CAM 摄像头开发板（16P）,C17333398,未核,未核,未核,未核,该 C 编号无价格记录,淘宝未核（需登录）,淘宝未核（需登录）,安信可 ESP32-CAM 开发板 OV2640,立创：单只单价、不含运费，按标注的起订档；淘宝：未核,未核,,常用,espressif/arduino-esp32 内核 boards.txt 内置专属板型“AI Thinker ESP32-CAM”（2026-10-02 取自 raw.githubusercontent.com）；嘉立创库存 0、立创商城库存 未记录（C17333398，2026-09-23 接口记录）；淘宝销量未核（需登录），未据此定为大众,无（库内唯一带摄像头的主控）,安信可官方店（候选，店铺页未核实）
DSP-012,LCD1602 字符屏（并口 16P，汉昇 HS1602A-B 蓝底白字）,C18198249,1:14.6,¥14.6,≤¥14.6（更高档未核）,≤¥14.6（更高档未核）,只核到起订档（立创接口在云端被拦，1/10/100 档待 refresh_prices.py 联网刷新）,淘宝未核（需登录）,淘宝未核（需登录）,LCD1602 蓝屏 5V 汉昇,立创：单只单价、不含运费，按标注的起订档；淘宝：未核,2026-10-02,0,大众,Arduino 官方库注册表仓库名含 LiquidCrystal 的库 28 个（arduino/library-registry@df95082（2026-10-01）；例：LiquidCrystal_I2C_UTF8、Adafruit_LiquidCrystal、TinyLiquidCrystal）；嘉立创库存 682、立创商城库存 未记录（C18198249，2026-09-29 接口记录）；淘宝销量未核（需登录）,只显示几行字时用 I2C OLED（DSP-001）：3.3V 直连、4 根线；1602 并口要 5V 供电和对比度电位器，可加 PCF8574 转接板（DSP-013）减线,立创商城（按 C18198249 下单）
DSP-013,LCD1602/2004 的 PCF8574 I2C 转接板（底板放 1×4 排针，杜邦线连接）,无,未核,未核,未核,未核,无 C 编号（模块/离板件，立创未售或未建档）,淘宝未核（需登录）,淘宝未核（需登录）,LCD1602 IIC 转接板 PCF8574,立创：单只单价、不含运费，按标注的起订档；淘宝：未核,未核,,大众,Arduino 官方库注册表仓库名含 PCF8574 的库 14 个（arduino/library-registry@df95082（2026-10-01）；例：PCF8574-I2C、PCF8574_LH、Adafruit_PCF8574）；淘宝销量未核（需登录）,无,未核；可先在 优信电子、正点原子 等综合电子店搜关键词（候选，需登录核实）
DSP-014,LCD2004 字符屏（20×4，配 I2C 转接板，不上板）,无,未核,未核,未核,未核,无 C 编号（模块/离板件，立创未售或未建档）,淘宝未核（需登录）,淘宝未核（需登录）,LCD2004 IIC 蓝屏 5V,立创：单只单价、不含运费，按标注的起订档；淘宝：未核,未核,,大众,Arduino 官方库注册表仓库名含 LiquidCrystal 的库 28 个（arduino/library-registry@df95082（2026-10-01）；例：LiquidCrystal_I2C_UTF8、Adafruit_LiquidCrystal、TinyLiquidCrystal）；淘宝销量未核（需登录）,无,未核；可先在 优信电子、正点原子 等综合电子店搜关键词（候选，需登录核实）
DSP-015,TM1637 4 位数码管模块（0.36 寸，4P）,无,未核,未核,未核,未核,无 C 编号（模块/离板件，立创未售或未建档）,淘宝未核（需登录）,淘宝未核（需登录）,TM1637 4位数码管模块 时钟,立创：单只单价、不含运费，按标注的起订档；淘宝：未核,未核,,大众,Arduino 官方库注册表仓库名含 TM1637 的库 10 个（arduino/library-registry@df95082（2026-10-01）；例：TM1637_6Easy、DIYables_4Digit7Segment_TM1637、SmartTM1637）；淘宝销量未核（需登录）,无,未核；可先在 优信电子、正点原子 等综合电子店搜关键词（候选，需登录核实）
DSP-016,MAX7219 8×8 点阵模块（输入 5P）,无,未核,未核,未核,未核,无 C 编号（模块/离板件，立创未售或未建档）,淘宝未核（需登录）,淘宝未核（需登录）,MAX7219 点阵模块 8x8 单片机,立创：单只单价、不含运费，按标注的起订档；淘宝：未核,未核,,大众,Arduino 官方库注册表仓库名含 MAX7219/MAX72xx 的库 10 个（arduino/library-registry@df95082（2026-10-01）；例：MAX7219_CH32、SBK_MAX72xx、MAX72XX）；淘宝销量未核（需登录）,无,未核；可先在 优信电子、正点原子 等综合电子店搜关键词（候选，需登录核实）
TOOL-001,CH340 USB 转 TTL 模块（不上板）,无,未核,未核,未核,未核,无 C 编号（模块/离板件，立创未售或未建档）,淘宝未核（需登录）,淘宝未核（需登录）,CH340 USB转TTL 模块 3.3V 5V,立创：单只单价、不含运费，按标注的起订档；淘宝：未核,未核,,未核,未核：无专用驱动库（模拟/开关量或电源模块），库数不能代表热度；淘宝销量需登录,无（CP2102 版 TOOL-002 功能相同，二选一）,未核；可先在 优信电子、正点原子 等综合电子店搜关键词（候选，需登录核实）
TOOL-002,CP2102 USB 转 TTL 模块（不上板）,无,未核,未核,未核,未核,无 C 编号（模块/离板件，立创未售或未建档）,淘宝未核（需登录）,淘宝未核（需登录）,CP2102 USB转TTL 模块,立创：单只单价、不含运费，按标注的起订档；淘宝：未核,未核,,未核,未核：无专用驱动库（模拟/开关量或电源模块），库数不能代表热度；淘宝销量需登录,无（CH340 版 TOOL-001 功能相同，二选一）,未核；可先在 优信电子、正点原子 等综合电子店搜关键词（候选，需登录核实）
TOOL-003,ST-Link V2 下载器（不上板，接 SWD 4P 排针）,无,未核,未核,未核,未核,无 C 编号（模块/离板件，立创未售或未建档）,淘宝未核（需登录）,淘宝未核（需登录）,ST-LINK V2 下载器 STM32,立创：单只单价、不含运费，按标注的起订档；淘宝：未核,未核,,未核,未核：无专用驱动库（模拟/开关量或电源模块），库数不能代表热度；淘宝销量需登录,无,未核；可先在 优信电子、正点原子 等综合电子店搜关键词（候选，需登录核实）
SEN-001,DHT11 温湿度模块（3P 板）,无,未核,未核,未核,未核,无 C 编号（模块/离板件，立创未售或未建档）,淘宝未核（需登录）,淘宝未核（需登录）,DHT11 模块 3P 温湿度,立创：单只单价、不含运费，按标注的起订档；淘宝：未核,未核,,大众,Arduino 官方库注册表仓库名含 DHT11/DHT22 的库 38 个（arduino/library-registry@df95082（2026-10-01）；例：Soldered-DHT11-DHT22-Temperature-RH-Sensor-Arduino-Library、myDHT、DHT_N128）；淘宝销量未核（需登录）,AHT20（SEN-004）：I2C、3.3V 直连、精度更高（参数对比见 选型速查.md）,未核；可先在 优信电子、正点原子 等综合电子店搜关键词（候选，需登录核实）
SEN-003,DHT22 / AM2302 温湿度传感器（4P）,无,未核,未核,未核,未核,无 C 编号（模块/离板件，立创未售或未建档）,淘宝未核（需登录）,淘宝未核（需登录）,DHT22 AM2302 温湿度,立创：单只单价、不含运费，按标注的起订档；淘宝：未核,未核,,大众,Arduino 官方库注册表仓库名含 DHT11/DHT22 的库 38 个（arduino/library-registry@df95082（2026-10-01）；例：Soldered-DHT11-DHT22-Temperature-RH-Sensor-Arduino-Library、myDHT、DHT_N128）；淘宝销量未核（需登录）,SHT30（SEN-006）：I2C、精度更高（参数对比见 选型速查.md）,未核；可先在 优信电子、正点原子 等综合电子店搜关键词（候选，需登录核实）
SEN-004,AHT20 温湿度模块（I2C 4P）,无,未核,未核,未核,未核,无 C 编号（模块/离板件，立创未售或未建档）,淘宝未核（需登录）,淘宝未核（需登录）,AHT20 温湿度模块 I2C,立创：单只单价、不含运费，按标注的起订档；淘宝：未核,未核,,常用,Arduino 官方库注册表仓库名含 AHT10/AHT20 的库 8 个（arduino/library-registry@df95082（2026-10-01）；例：PTSolns_AHTx、Adafruit_AHT10、Adafruit_AHTX0）；淘宝销量未核（需登录）,要同时测气压用 AHT20+BMP280（SEN-005）,未核；可先在 优信电子、正点原子 等综合电子店搜关键词（候选，需登录核实）
SEN-005,AHT20 + BMP280 温湿度气压二合一模块（I2C 4P）,无,未核,未核,未核,未核,无 C 编号（模块/离板件，立创未售或未建档）,淘宝未核（需登录）,淘宝未核（需登录）,AHT20 BMP280 温湿度气压模块,立创：单只单价、不含运费，按标注的起订档；淘宝：未核,未核,,常用,Arduino 官方库注册表仓库名含 BMP280 的库 8 个（arduino/library-registry@df95082（2026-10-01）；例：BMP280_LTSM、MentorBit-BMP280、Adafruit_BMP280_Library）；淘宝销量未核（需登录）,无,未核；可先在 优信电子、正点原子 等综合电子店搜关键词（候选，需登录核实）
SEN-006,SHT30 温湿度模块（GY-SHT30-D，I2C）,无,未核,未核,未核,未核,无 C 编号（模块/离板件，立创未售或未建档）,淘宝未核（需登录）,淘宝未核（需登录）,SHT30 温湿度模块 GY-SHT30-D,立创：单只单价、不含运费，按标注的起订档；淘宝：未核,未核,,大众,Arduino 官方库注册表仓库名含 SHT3x 的库 16 个（arduino/library-registry@df95082（2026-10-01）；例：Adafruit_SHT31、ArtronShop_SHT3x、sht3x-dis-arduino-lib）；淘宝销量未核（需登录）,无,未核；可先在 优信电子、正点原子 等综合电子店搜关键词（候选，需登录核实）
SEN-007,DS18B20 数字温度传感器（TO-92）,C18723599,未核,未核,未核,未核,该 C 编号无价格记录,淘宝未核（需登录）,淘宝未核（需登录）,DS18B20 TO-92 温度传感器,立创：单只单价、不含运费，按标注的起订档；淘宝：未核,未核,,大众,Arduino 官方库注册表仓库名含 DS18B20 的库 11 个（arduino/library-registry@df95082（2026-10-01）；例：DIYables_DS18B20、MKL_DS18B20、MAX31850_DallasTemp）；嘉立创库存 1990、立创商城库存 未记录（C18723599，2026-09-29 接口记录）；淘宝销量未核（需登录）,测液体用防水探头（SEN-008）,立创商城（按 C18723599 下单）
SEN-008,DS18B20 防水探头（3 线，不上板）,无,未核,未核,未核,未核,无 C 编号（模块/离板件，立创未售或未建档）,淘宝未核（需登录）,淘宝未核（需登录）,DS18B20 防水探头 不锈钢,立创：单只单价、不含运费，按标注的起订档；淘宝：未核,未核,,大众,Arduino 官方库注册表仓库名含 DS18B20 的库 11 个（arduino/library-registry@df95082（2026-10-01）；例：DIYables_DS18B20、MKL_DS18B20、MAX31850_DallasTemp）；淘宝销量未核（需登录）,无,未核；可先在 优信电子、正点原子 等综合电子店搜关键词（候选，需登录核实）
SEN-009,M1820 数字温度探头（不上板，V1.1 已用）,无,未核,未核,未核,未核,无 C 编号（模块/离板件，立创未售或未建档）,淘宝未核（需登录）,淘宝未核（需登录）,M1820 温度探头 敏源,立创：单只单价、不含运费，按标注的起订档；淘宝：未核,未核,,大众,Arduino 官方库注册表仓库名含 DS18B20 的库 11 个（arduino/library-registry@df95082（2026-10-01）；例：DIYables_DS18B20、MKL_DS18B20、MAX31850_DallasTemp）；淘宝销量未核（需登录）,DS18B20 探头（SEN-008）：驱动库和教程更多（见本表热度依据）,未核；可先在 优信电子、正点原子 等综合电子店搜关键词（候选，需登录核实）
SEN-010,MLX90614 红外测温模块（GY-906，I2C）,无,未核,未核,未核,未核,无 C 编号（模块/离板件，立创未售或未建档）,淘宝未核（需登录）,淘宝未核（需登录）,GY-906 MLX90614 红外测温,立创：单只单价、不含运费，按标注的起订档；淘宝：未核,未核,,常用,Arduino 官方库注册表仓库名含 MLX90614 的库 7 个（arduino/library-registry@df95082（2026-10-01）；例：Adafruit_MiniMLX90614、Adafruit-MLX90614-Library、DFRobot_MLX90614）；淘宝销量未核（需登录）,无,未核；可先在 优信电子、正点原子 等综合电子店搜关键词（候选，需登录核实）
SEN-011,MAX30102 心率血氧模块（单排 7P 紫板）,无,未核,未核,未核,未核,无 C 编号（模块/离板件，立创未售或未建档）,淘宝未核（需登录）,淘宝未核（需登录）,MAX30102 心率血氧 模块,立创：单只单价、不含运费，按标注的起订档；淘宝：未核,未核,,常用,Arduino 官方库注册表仓库名含 MAX3010x 的库 9 个（arduino/library-registry@df95082（2026-10-01）；例：MAX3010x-Sensor-Library、EmotiBit_MAX30101、Arduino-MAX30100）；淘宝销量未核（需登录）,无,未核；可先在 优信电子、正点原子 等综合电子店搜关键词（候选，需登录核实）
SEN-012,PulseSensor 光电脉搏传感器（3 线）,无,未核,未核,未核,未核,无 C 编号（模块/离板件，立创未售或未建档）,淘宝未核（需登录）,淘宝未核（需登录）,Pulse Sensor 心率传感器,立创：单只单价、不含运费，按标注的起订档；淘宝：未核,未核,,未核,未核：无专用驱动库（模拟/开关量或电源模块），库数不能代表热度；淘宝销量需登录,MAX30102（SEN-011）：I2C 数字输出，还能测血氧,未核；可先在 优信电子、正点原子 等综合电子店搜关键词（候选，需登录核实）
SEN-013,AD8232 单导联心电模块（6P）,无,未核,未核,未核,未核,无 C 编号（模块/离板件，立创未售或未建档）,淘宝未核（需登录）,淘宝未核（需登录）,AD8232 心电 模块,立创：单只单价、不含运费，按标注的起订档；淘宝：未核,未核,,未核,未核：无专用驱动库（模拟/开关量或电源模块），库数不能代表热度；淘宝销量需登录,无,未核；可先在 优信电子、正点原子 等综合电子店搜关键词（候选，需登录核实）
SEN-014,MPU6050 六轴模块（GY-521，8P）,无,未核,未核,未核,未核,无 C 编号（模块/离板件，立创未售或未建档）,淘宝未核（需登录）,淘宝未核（需登录）,GY-521 MPU6050 模块,立创：单只单价、不含运费，按标注的起订档；淘宝：未核,未核,,大众,Arduino 官方库注册表仓库名含 MPU6050 的库 16 个（arduino/library-registry@df95082（2026-10-01）；例：MPU6050Auto、mpu6050、Adafruit_MPU6050）；淘宝销量未核（需登录）,无,未核；可先在 优信电子、正点原子 等综合电子店搜关键词（候选，需登录核实）
SEN-015,ADXL345 三轴加速度模块（GY-291，8P）,无,未核,未核,未核,未核,无 C 编号（模块/离板件，立创未售或未建档）,淘宝未核（需登录）,淘宝未核（需登录）,GY-291 ADXL345 模块,立创：单只单价、不含运费，按标注的起订档；淘宝：未核,未核,,常用,Arduino 官方库注册表仓库名含 ADXL345 的库 7 个（arduino/library-registry@df95082（2026-10-01）；例：Adafruit_ADXL345、DFRobot_ADXL345、FaBo3Axis-ADXL345-Library）；淘宝销量未核（需登录）,要角速度（姿态/跌倒）用 MPU6050（SEN-014）,未核；可先在 优信电子、正点原子 等综合电子店搜关键词（候选，需登录核实）
SEN-016,HC-SR501 人体红外模块（3P）,无,未核,未核,未核,未核,无 C 编号（模块/离板件，立创未售或未建档）,淘宝未核（需登录）,淘宝未核（需登录）,HC-SR501 人体红外感应模块,立创：单只单价、不含运费，按标注的起订档；淘宝：未核,未核,,未核,未核：无专用驱动库（模拟/开关量或电源模块），库数不能代表热度；淘宝销量需登录,要体积小用 AM312（SEN-017）,未核；可先在 优信电子、正点原子 等综合电子店搜关键词（候选，需登录核实）
SEN-017,AM312 迷你人体红外模块（3P）,无,未核,未核,未核,未核,无 C 编号（模块/离板件，立创未售或未建档）,淘宝未核（需登录）,淘宝未核（需登录）,AM312 迷你人体感应,立创：单只单价、不含运费，按标注的起订档；淘宝：未核,未核,,未核,未核：无专用驱动库（模拟/开关量或电源模块），库数不能代表热度；淘宝销量需登录,要更远感应距离用 HC-SR501（SEN-016，可调）,未核；可先在 优信电子、正点原子 等综合电子店搜关键词（候选，需登录核实）
SEN-018,HC-SR04 超声波测距模块（5V，4P）,无,未核,未核,未核,未核,无 C 编号（模块/离板件，立创未售或未建档）,淘宝未核（需登录）,淘宝未核（需登录）,HC-SR04 超声波模块,立创：单只单价、不含运费，按标注的起订档；淘宝：未核,未核,,大众,Arduino 官方库注册表仓库名含 HC-SR04 的库 14 个（arduino/library-registry@df95082（2026-10-01）；例：HCSR04_ESP_Hardware、Async-HC-SR04-Lib、Bonezegei_HCSR04）；淘宝销量未核（需登录）,HC-SR04P（SEN-019）：3.3V 供电时输出 3.3V，可直连 ESP32/Pico,未核；可先在 优信电子、正点原子 等综合电子店搜关键词（候选，需登录核实）
SEN-019,HC-SR04P 超声波测距模块（3.3–5V，4P）,无,未核,未核,未核,未核,无 C 编号（模块/离板件，立创未售或未建档）,淘宝未核（需登录）,淘宝未核（需登录）,HC-SR04P 超声波 3.3V,立创：单只单价、不含运费，按标注的起订档；淘宝：未核,未核,,大众,Arduino 官方库注册表仓库名含 HC-SR04 的库 14 个（arduino/library-registry@df95082（2026-10-01）；例：HCSR04_ESP_Hardware、Async-HC-SR04-Lib、Bonezegei_HCSR04）；淘宝销量未核（需登录）,无,未核；可先在 优信电子、正点原子 等综合电子店搜关键词（候选，需登录核实）
SEN-020,VL53L0X 激光测距模块（GY-530，6P）,无,未核,未核,未核,未核,无 C 编号（模块/离板件，立创未售或未建档）,淘宝未核（需登录）,淘宝未核（需登录）,GY-530 VL53L0X 激光测距,立创：单只单价、不含运费，按标注的起订档；淘宝：未核,未核,,常用,Arduino 官方库注册表仓库名含 VL53L0X 的库 8 个（arduino/library-registry@df95082（2026-10-01）；例：Adafruit_VL53L0X、DFRobot_VL53L0X、vl53l0x-arduino）；淘宝销量未核（需登录）,无,未核；可先在 优信电子、正点原子 等综合电子店搜关键词（候选，需登录核实）
SEN-021,RCWL-0516 微波雷达感应模块（5P）,无,未核,未核,未核,未核,无 C 编号（模块/离板件，立创未售或未建档）,淘宝未核（需登录）,淘宝未核（需登录）,RCWL-0516 微波雷达,立创：单只单价、不含运费，按标注的起订档；淘宝：未核,未核,,未核,未核：无专用驱动库（模拟/开关量或电源模块），库数不能代表热度；淘宝销量需登录,HLK-LD2410C（SEN-022）：能检测静止的人（呼吸微动），可串口读距离,未核；可先在 优信电子、正点原子 等综合电子店搜关键词（候选，需登录核实）
SEN-022,海凌科 HLK-LD2410C 24GHz 人体存在雷达（2.54 5P）,无,未核,未核,未核,未核,无 C 编号（模块/离板件，立创未售或未建档）,淘宝未核（需登录）,淘宝未核（需登录）,HLK-LD2410C 人体存在雷达,立创：单只单价、不含运费，按标注的起订档；淘宝：未核,未核,,常用,Arduino 官方库注册表仓库名含 LD2410 的库 4 个（arduino/library-registry@df95082（2026-10-01）；例：HLK-LD2410S、ld2410、MyLD2410）；淘宝销量未核（需登录）,无,海凌科官方店（候选，店铺页未核实）
SEN-023,海凌科 HLK-LD6002 60GHz 呼吸心率雷达（2.0 8P）,无,未核,未核,未核,未核,无 C 编号（模块/离板件，立创未售或未建档）,淘宝未核（需登录）,淘宝未核（需登录）,海凌科 HLK-LD6002 雷达,立创：单只单价、不含运费，按标注的起订档；淘宝：未核,未核,,冷门,Arduino 官方库注册表仓库名含 LD6002 的库 1 个（arduino/library-registry@df95082（2026-10-01）；例：HLK-LD6002）；淘宝销量未核（需登录）,无,海凌科官方店（候选，店铺页未核实）
SEN-024,海凌科 HLK-LD6002C 60GHz 雷达（2.0 8P，外观同 LD6002）,无,未核,未核,未核,未核,无 C 编号（模块/离板件，立创未售或未建档）,淘宝未核（需登录）,淘宝未核（需登录）,海凌科 HLK-LD6002C 雷达,立创：单只单价、不含运费，按标注的起订档；淘宝：未核,未核,,冷门,Arduino 官方库注册表仓库名含 LD6002 的库 1 个（arduino/library-registry@df95082（2026-10-01）；例：HLK-LD6002）；淘宝销量未核（需登录）,无,海凌科官方店（候选，店铺页未核实）
SEN-025,BH1750 光照模块（GY-302，5P）,无,未核,未核,未核,未核,无 C 编号（模块/离板件，立创未售或未建档）,淘宝未核（需登录）,淘宝未核（需登录）,GY-302 BH1750 光照模块,立创：单只单价、不含运费，按标注的起订档；淘宝：未核,未核,,常用,Arduino 官方库注册表仓库名含 BH1750 的库 8 个（arduino/library-registry@df95082（2026-10-01）；例：MentorBit-BH1750、ArtronShop_BH1750、BH1750）；淘宝销量未核（需登录）,无,未核；可先在 优信电子、正点原子 等综合电子店搜关键词（候选，需登录核实）
SEN-026,光敏电阻模块（LM393，4P）,无,未核,未核,未核,未核,无 C 编号（模块/离板件，立创未售或未建档）,淘宝未核（需登录）,淘宝未核（需登录）,光敏电阻模块 4针 LM393,立创：单只单价、不含运费，按标注的起订档；淘宝：未核,未核,,未核,未核：无专用驱动库（模拟/开关量或电源模块），库数不能代表热度；淘宝销量需登录,要光照数值（lux）用 BH1750（SEN-025）,未核；可先在 优信电子、正点原子 等综合电子店搜关键词（候选，需登录核实）
SEN-027,声音传感器模块（KY-038 类，4P）,无,未核,未核,未核,未核,无 C 编号（模块/离板件，立创未售或未建档）,淘宝未核（需登录）,淘宝未核（需登录）,声音传感器模块 4针,立创：单只单价、不含运费，按标注的起订档；淘宝：未核,未核,,未核,未核：无专用驱动库（模拟/开关量或电源模块），库数不能代表热度；淘宝销量需登录,无,未核；可先在 优信电子、正点原子 等综合电子店搜关键词（候选，需登录核实）
SEN-028,火焰传感器模块（LM393，4P）,无,未核,未核,未核,未核,无 C 编号（模块/离板件，立创未售或未建档）,淘宝未核（需登录）,淘宝未核（需登录）,火焰传感器模块 4针,立创：单只单价、不含运费，按标注的起订档；淘宝：未核,未核,,未核,未核：无专用驱动库（模拟/开关量或电源模块），库数不能代表热度；淘宝销量需登录,无,未核；可先在 优信电子、正点原子 等综合电子店搜关键词（候选，需登录核实）
SEN-029,雨滴传感器模块（4P）,无,未核,未核,未核,未核,无 C 编号（模块/离板件，立创未售或未建档）,淘宝未核（需登录）,淘宝未核（需登录）,雨滴传感器模块,立创：单只单价、不含运费，按标注的起订档；淘宝：未核,未核,,未核,未核：无专用驱动库（模拟/开关量或电源模块），库数不能代表热度；淘宝销量需登录,无,未核；可先在 优信电子、正点原子 等综合电子店搜关键词（候选，需登录核实）
SEN-032,MQ-2 烟雾/可燃气体模块（4P）,无,未核,未核,未核,未核,无 C 编号（模块/离板件，立创未售或未建档）,淘宝未核（需登录）,淘宝未核（需登录）,MQ-2 烟雾传感器模块,立创：单只单价、不含运费，按标注的起订档；淘宝：未核,未核,,未核,未核：无专用驱动库（模拟/开关量或电源模块），库数不能代表热度；淘宝销量需登录,无（MQ 系列只能定性，见 选型速查.md）,未核；可先在 优信电子、正点原子 等综合电子店搜关键词（候选，需登录核实）
SEN-033,MQ-135 空气质量模块（4P）,无,未核,未核,未核,未核,无 C 编号（模块/离板件，立创未售或未建档）,淘宝未核（需登录）,淘宝未核（需登录）,MQ-135 空气质量模块,立创：单只单价、不含运费，按标注的起订档；淘宝：未核,未核,,未核,未核：无专用驱动库（模拟/开关量或电源模块），库数不能代表热度；淘宝销量需登录,无（MQ 系列只能定性；数字型 SGP30 未入库）,未核；可先在 优信电子、正点原子 等综合电子店搜关键词（候选，需登录核实）
SEN-035,TCRT5000 红外反射/循迹模块（4P）,无,未核,未核,未核,未核,无 C 编号（模块/离板件，立创未售或未建档）,淘宝未核（需登录）,淘宝未核（需登录）,TCRT5000 循迹模块,立创：单只单价、不含运费，按标注的起订档；淘宝：未核,未核,,未核,未核：无专用驱动库（模拟/开关量或电源模块），库数不能代表热度；淘宝销量需登录,无,未核；可先在 优信电子、正点原子 等综合电子店搜关键词（候选，需登录核实）
SEN-030,电容式土壤湿度传感器 v1.2（3P）,无,未核,未核,未核,未核,无 C 编号（模块/离板件，立创未售或未建档）,淘宝未核（需登录）,淘宝未核（需登录）,电容式土壤湿度传感器 v1.2,立创：单只单价、不含运费，按标注的起订档；淘宝：未核,未核,,未核,未核：无专用驱动库（模拟/开关量或电源模块），库数不能代表热度；淘宝销量需登录,无,未核；可先在 优信电子、正点原子 等综合电子店搜关键词（候选，需登录核实）
SEN-031,水位传感器（3P，S + -）,无,未核,未核,未核,未核,无 C 编号（模块/离板件，立创未售或未建档）,淘宝未核（需登录）,淘宝未核（需登录）,水位传感器 模块 S+-,立创：单只单价、不含运费，按标注的起订档；淘宝：未核,未核,,未核,未核：无专用驱动库（模拟/开关量或电源模块），库数不能代表热度；淘宝销量需登录,无,未核；可先在 优信电子、正点原子 等综合电子店搜关键词（候选，需登录核实）
SEN-034,SW-420 振动传感器模块（3P）,无,未核,未核,未核,未核,无 C 编号（模块/离板件，立创未售或未建档）,淘宝未核（需登录）,淘宝未核（需登录）,SW-420 振动传感器模块,立创：单只单价、不含运费，按标注的起订档；淘宝：未核,未核,,未核,未核：无专用驱动库（模拟/开关量或电源模块），库数不能代表热度；淘宝销量需登录,要测振动大小用 MPU6050（SEN-014）,未核；可先在 优信电子、正点原子 等综合电子店搜关键词（候选，需登录核实）
SEN-036,VS1838B 红外接收头（38kHz，3P）,无,未核,未核,未核,未核,无 C 编号（模块/离板件，立创未售或未建档）,淘宝未核（需登录）,淘宝未核（需登录）,VS1838B 红外接收头,立创：单只单价、不含运费，按标注的起订档；淘宝：未核,未核,,未核,未核：无专用驱动库（模拟/开关量或电源模块），库数不能代表热度；淘宝销量需登录,无,未核；可先在 优信电子、正点原子 等综合电子店搜关键词（候选，需登录核实）
SEN-037,A3144 霍尔开关模块（KY-003，3P）,无,未核,未核,未核,未核,无 C 编号（模块/离板件，立创未售或未建档）,淘宝未核（需登录）,淘宝未核（需登录）,KY-003 霍尔传感器 A3144,立创：单只单价、不含运费，按标注的起订档；淘宝：未核,未核,,未核,未核：无专用驱动库（模拟/开关量或电源模块），库数不能代表热度；淘宝销量需登录,无,未核；可先在 优信电子、正点原子 等综合电子店搜关键词（候选，需登录核实）
SEN-038,HX711 称重模块（底板 4P 数字口）,无,未核,未核,未核,未核,无 C 编号（模块/离板件，立创未售或未建档）,淘宝未核（需登录）,淘宝未核（需登录）,HX711 称重模块,立创：单只单价、不含运费，按标注的起订档；淘宝：未核,未核,,大众,Arduino 官方库注册表仓库名含 HX711 的库 16 个（arduino/library-registry@df95082（2026-10-01）；例：Adafruit_HX711、arduino-HX711、HX711）；淘宝销量未核（需登录）,无,未核；可先在 优信电子、正点原子 等综合电子店搜关键词（候选，需登录核实）
SEN-039,ACS712 电流模块 5A（3P）,无,未核,未核,未核,未核,无 C 编号（模块/离板件，立创未售或未建档）,淘宝未核（需登录）,淘宝未核（需登录）,ACS712 5A 电流模块,立创：单只单价、不含运费，按标注的起订档；淘宝：未核,未核,,未核,未核：无专用驱动库（模拟/开关量或电源模块），库数不能代表热度；淘宝销量需登录,INA219（SEN-041）：I2C 数字输出、同时测电压（量程较小，见 兼容性速查）,未核；可先在 优信电子、正点原子 等综合电子店搜关键词（候选，需登录核实）
SEN-040,ACS712 电流模块 20A（3P）,无,未核,未核,未核,未核,无 C 编号（模块/离板件，立创未售或未建档）,淘宝未核（需登录）,淘宝未核（需登录）,ACS712 20A 电流模块,立创：单只单价、不含运费，按标注的起订档；淘宝：未核,未核,,未核,未核：无专用驱动库（模拟/开关量或电源模块），库数不能代表热度；淘宝销量需登录,无,未核；可先在 优信电子、正点原子 等综合电子店搜关键词（候选，需登录核实）
SEN-041,INA219 电流电压模块（I2C，0.1Ω）,无,未核,未核,未核,未核,无 C 编号（模块/离板件，立创未售或未建档）,淘宝未核（需登录）,淘宝未核（需登录）,INA219 电流模块,立创：单只单价、不含运费，按标注的起订档；淘宝：未核,未核,,大众,Arduino 官方库注册表仓库名含 INA219 的库 11 个（arduino/library-registry@df95082（2026-10-01）；例：INA219_Plus、Adafruit_INA219、DFRobot_INA219）；淘宝销量未核（需登录）,无,未核；可先在 优信电子、正点原子 等综合电子店搜关键词（候选，需登录核实）
SEN-042,0–25V 电压检测模块（分压 5:1）,无,未核,未核,未核,未核,无 C 编号（模块/离板件，立创未售或未建档）,淘宝未核（需登录）,淘宝未核（需登录）,0-25V 电压检测模块,立创：单只单价、不含运费，按标注的起订档；淘宝：未核,未核,,未核,未核：无专用驱动库（模拟/开关量或电源模块），库数不能代表热度；淘宝销量需登录,INA219（SEN-041）：I2C 数字输出、同时测电流,未核；可先在 优信电子、正点原子 等综合电子店搜关键词（候选，需登录核实）
SEN-043,ATGM336H 北斗/GPS 定位模块（5P）,无,未核,未核,未核,未核,无 C 编号（模块/离板件，立创未售或未建档）,淘宝未核（需登录）,淘宝未核（需登录）,ATGM336H GPS 北斗模块,立创：单只单价、不含运费，按标注的起订档；淘宝：未核,未核,,未核,未核：无专用驱动库（模拟/开关量或电源模块），库数不能代表热度；淘宝销量需登录,无（北斗+GPS 双模）,未核；可先在 优信电子、正点原子 等综合电子店搜关键词（候选，需登录核实）
SEN-044,NEO-6M GPS 模块（GY-GPS6MV2，4P）,无,未核,未核,未核,未核,无 C 编号（模块/离板件，立创未售或未建档）,淘宝未核（需登录）,淘宝未核（需登录）,GY-GPS6MV2 NEO-6M,立创：单只单价、不含运费，按标注的起订档；淘宝：未核,未核,,未核,未核：无专用驱动库（模拟/开关量或电源模块），库数不能代表热度；淘宝销量需登录,ATGM336H（SEN-043）：北斗+GPS 双模,未核；可先在 优信电子、正点原子 等综合电子店搜关键词（候选，需登录核实）
SEN-045,RC522 RFID 读卡模块（13.56MHz，8P）,无,未核,未核,未核,未核,无 C 编号（模块/离板件，立创未售或未建档）,淘宝未核（需登录）,淘宝未核（需登录）,RC522 RFID 读卡模块,立创：单只单价、不含运费，按标注的起订档；淘宝：未核,未核,,常用,Arduino 官方库注册表仓库名含 MFRC522/RC522 的库 7 个（arduino/library-registry@df95082（2026-10-01）；例：TinyRC522、MFRC522_I2C、MFRC522_PN512）；淘宝销量未核（需登录）,无,未核；可先在 优信电子、正点原子 等综合电子店搜关键词（候选，需登录核实）
SEN-046,AS608 光学指纹模块（6P）,无,未核,未核,未核,未核,无 C 编号（模块/离板件，立创未售或未建档）,淘宝未核（需登录）,淘宝未核（需登录）,AS608 指纹模块,立创：单只单价、不含运费，按标注的起订档；淘宝：未核,未核,,未核,未核：无专用驱动库（模拟/开关量或电源模块），库数不能代表热度；淘宝销量需登录,无,未核；可先在 优信电子、正点原子 等综合电子店搜关键词（候选，需登录核实）
SEN-047,DS3231 高精度时钟模块（ZS-042，6P）,无,未核,未核,未核,未核,无 C 编号（模块/离板件，立创未售或未建档）,淘宝未核（需登录）,淘宝未核（需登录）,DS3231 时钟模块 ZS-042,立创：单只单价、不含运费，按标注的起订档；淘宝：未核,未核,,大众,Arduino 官方库注册表仓库名含 DS3231/RTClib 的库 20 个（arduino/library-registry@df95082（2026-10-01）；例：MKL_RTClib、RTClib、TinyRTCLib）；淘宝销量未核（需登录）,无,未核；可先在 优信电子、正点原子 等综合电子店搜关键词（候选，需登录核实）
SEN-048,DS1302 时钟模块（5P）,无,未核,未核,未核,未核,无 C 编号（模块/离板件，立创未售或未建档）,淘宝未核（需登录）,淘宝未核（需登录）,DS1302 时钟模块,立创：单只单价、不含运费，按标注的起订档；淘宝：未核,未核,,常用,Arduino 官方库注册表仓库名含 DS1302 的库 4 个（arduino/library-registry@df95082（2026-10-01）；例：RTC_DS1302、ClearDS1302、Ds1302）；淘宝销量未核（需登录）,DS3231（SEN-047）：温补晶振，走时更准，I2C 接口,未核；可先在 优信电子、正点原子 等综合电子店搜关键词（候选，需登录核实）
SEN-049,Micro SD 卡模块（SPI，6P）,无,未核,未核,未核,未核,无 C 编号（模块/离板件，立创未售或未建档）,淘宝未核（需登录）,淘宝未核（需登录）,Micro SD 卡模块 SPI,立创：单只单价、不含运费，按标注的起订档；淘宝：未核,未核,,未核,未核：无专用驱动库（模拟/开关量或电源模块），库数不能代表热度；淘宝销量需登录,无,未核；可先在 优信电子、正点原子 等综合电子店搜关键词（候选，需登录核实）
ACT-001,1 路 5V 继电器模块（高电平触发）,无,未核,未核,未核,未核,无 C 编号（模块/离板件，立创未售或未建档）,淘宝未核（需登录）,淘宝未核（需登录）,5V 继电器模块 1路 高电平触发,立创：单只单价、不含运费，按标注的起订档；淘宝：未核,未核,,未核,未核：无专用驱动库（模拟/开关量或电源模块），库数不能代表热度；淘宝销量需登录,无,未核；可先在 优信电子、正点原子 等综合电子店搜关键词（候选，需登录核实）
ACT-002,1 路 5V 继电器模块（低电平触发）,无,未核,未核,未核,未核,无 C 编号（模块/离板件，立创未售或未建档）,淘宝未核（需登录）,淘宝未核（需登录）,5V 继电器模块 1路 低电平触发,立创：单只单价、不含运费，按标注的起订档；淘宝：未核,未核,,未核,未核：无专用驱动库（模拟/开关量或电源模块），库数不能代表热度；淘宝销量需登录,无,未核；可先在 优信电子、正点原子 等综合电子店搜关键词（候选，需登录核实）
ACT-003,松乐 SRD-05VDC-SL-C 5V 继电器（裸件，直插）,C35449,未核,未核,未核,未核,该 C 编号无价格记录,淘宝未核（需登录）,淘宝未核（需登录）,SRD-05VDC-SL-C 继电器,立创：单只单价、不含运费，按标注的起订档；淘宝：未核,未核,,未核,未核：无专用驱动库（模拟/开关量或电源模块），库数不能代表热度；淘宝销量需登录,不想自己搭三极管驱动和续流二极管就用继电器模块（ACT-001/ACT-002）,立创商城（按 C35449 下单）
ACT-004,SG90 9g 舵机（3 线）,无,未核,未核,未核,未核,无 C 编号（模块/离板件，立创未售或未建档）,淘宝未核（需登录）,淘宝未核（需登录）,SG90 舵机 9g,立创：单只单价、不含运费，按标注的起订档；淘宝：未核,未核,,未核,未核：无专用驱动库（模拟/开关量或电源模块），库数不能代表热度；淘宝销量需登录,要更大扭矩用 MG996R（ACT-005，金属齿）,未核；可先在 优信电子、正点原子 等综合电子店搜关键词（候选，需登录核实）
ACT-005,MG996R 金属齿舵机（3 线）,无,未核,未核,未核,未核,无 C 编号（模块/离板件，立创未售或未建档）,淘宝未核（需登录）,淘宝未核（需登录）,MG996R 舵机 金属齿,立创：单只单价、不含运费，按标注的起订档；淘宝：未核,未核,,未核,未核：无专用驱动库（模拟/开关量或电源模块），库数不能代表热度；淘宝销量需登录,无,未核；可先在 优信电子、正点原子 等综合电子店搜关键词（候选，需登录核实）
ACT-006,28BYJ-48 步进电机 + ULN2003 驱动板（控制口 6P）,无,未核,未核,未核,未核,无 C 编号（模块/离板件，立创未售或未建档）,淘宝未核（需登录）,淘宝未核（需登录）,28BYJ-48 步进电机 ULN2003 驱动板,立创：单只单价、不含运费，按标注的起订档；淘宝：未核,未核,,未核,未核：无专用驱动库（模拟/开关量或电源模块），库数不能代表热度；淘宝销量需登录,无,未核；可先在 优信电子、正点原子 等综合电子店搜关键词（候选，需登录核实）
ACT-007,TB6612FNG 双路电机驱动模块（控制口 8P）,无,未核,未核,未核,未核,无 C 编号（模块/离板件，立创未售或未建档）,淘宝未核（需登录）,淘宝未核（需登录）,TB6612FNG 电机驱动模块,立创：单只单价、不含运费，按标注的起订档；淘宝：未核,未核,,未核,未核：无专用驱动库（模拟/开关量或电源模块），库数不能代表热度；淘宝销量需登录,无,未核；可先在 优信电子、正点原子 等综合电子店搜关键词（候选，需登录核实）
ACT-008,L298N 双路电机驱动模块（控制口 7P）,无,未核,未核,未核,未核,无 C 编号（模块/离板件，立创未售或未建档）,淘宝未核（需登录）,淘宝未核（需登录）,L298N 电机驱动模块,立创：单只单价、不含运费，按标注的起订档；淘宝：未核,未核,,未核,未核：无专用驱动库（模拟/开关量或电源模块），库数不能代表热度；淘宝销量需登录,TB6612FNG（ACT-007）：MOSFET 输出，压降和发热比 L298N 小，体积小,未核；可先在 优信电子、正点原子 等综合电子店搜关键词（候选，需登录核实）
ACT-009,DRV8833 双路电机驱动模块（控制口 6P）,无,未核,未核,未核,未核,无 C 编号（模块/离板件，立创未售或未建档）,淘宝未核（需登录）,淘宝未核（需登录）,DRV8833 电机驱动模块,立创：单只单价、不含运费，按标注的起订档；淘宝：未核,未核,,未核,未核：无专用驱动库（模拟/开关量或电源模块），库数不能代表热度；淘宝销量需登录,无,未核；可先在 优信电子、正点原子 等综合电子店搜关键词（候选，需登录核实）
ACT-010,DFPlayer Mini MP3 模块（底板控制口 7P）,无,未核,未核,未核,未核,无 C 编号（模块/离板件，立创未售或未建档）,淘宝未核（需登录）,淘宝未核（需登录）,DFPlayer Mini MP3 模块,立创：单只单价、不含运费，按标注的起订档；淘宝：未核,未核,,常用,Arduino 官方库注册表仓库名含 DFPlayer 的库 5 个（arduino/library-registry@df95082（2026-10-01）；例：DFRobotDFPlayerMini、DFPlayerMini、DFMiniMp3）；淘宝销量未核（需登录）,无,DFRobot 官方店（候选，店铺页未核实）
COM-001,HC-05 蓝牙串口模块（6P，主从一体）,无,未核,未核,未核,未核,无 C 编号（模块/离板件，立创未售或未建档）,淘宝未核（需登录）,淘宝未核（需登录）,HC-05 蓝牙模块,立创：单只单价、不含运费，按标注的起订档；淘宝：未核,未核,,未核,未核：无专用驱动库（模拟/开关量或电源模块），库数不能代表热度；淘宝销量需登录,主控用 ESP32（MCU-004/MCU-006）时自带蓝牙，可省掉模块,未核；可先在 优信电子、正点原子 等综合电子店搜关键词（候选，需登录核实）
COM-002,HC-06 蓝牙串口模块（4P，从机）,无,未核,未核,未核,未核,无 C 编号（模块/离板件，立创未售或未建档）,淘宝未核（需登录）,淘宝未核（需登录）,HC-06 蓝牙模块,立创：单只单价、不含运费，按标注的起订档；淘宝：未核,未核,,未核,未核：无专用驱动库（模拟/开关量或电源模块），库数不能代表热度；淘宝销量需登录,HC-05（COM-001）：可做主机,未核；可先在 优信电子、正点原子 等综合电子店搜关键词（候选，需登录核实）
COM-003,ESP-01S Wi-Fi 模块（安信可，杜邦线 8P）,无,未核,未核,未核,未核,无 C 编号（模块/离板件，立创未售或未建档）,淘宝未核（需登录）,淘宝未核（需登录）,ESP-01S 安信可 WiFi 模块,立创：单只单价、不含运费，按标注的起订档；淘宝：未核,未核,,未核,未核：无专用驱动库（模拟/开关量或电源模块），库数不能代表热度；淘宝销量需登录,ESP32-C3 SuperMini（MCU-008）：可直接当主控，省掉 AT 指令,安信可官方店（候选，店铺页未核实）
COM-004,NRF24L01 2.4G 无线模块（2×4 直插）,无,未核,未核,未核,未核,无 C 编号（模块/离板件，立创未售或未建档）,淘宝未核（需登录）,淘宝未核（需登录）,NRF24L01 无线模块 2.4G,立创：单只单价、不含运费，按标注的起订档；淘宝：未核,未核,,常用,Arduino 官方库注册表仓库名含 RF24 的库 7 个（arduino/library-registry@df95082（2026-10-01）；例：RF24G、Soldered-nRF24-Radio-Module-Arduino-Library、RF24）；淘宝销量未核（需登录）,无,未核；可先在 优信电子、正点原子 等综合电子店搜关键词（候选，需登录核实）
COM-005,MAX485 TTL 转 RS485 模块（控制口 6P）,无,未核,未核,未核,未核,无 C 编号（模块/离板件，立创未售或未建档）,淘宝未核（需登录）,淘宝未核（需登录）,MAX485 模块 TTL转485,立创：单只单价、不含运费，按标注的起订档；淘宝：未核,未核,,未核,未核：无专用驱动库（模拟/开关量或电源模块），库数不能代表热度；淘宝销量需登录,无,未核；可先在 优信电子、正点原子 等综合电子店搜关键词（候选，需登录核实）
PMD-001,TP4056 Type-C 锂电充电模块（带保护，不上板）,无,未核,未核,未核,未核,无 C 编号（模块/离板件，立创未售或未建档）,淘宝未核（需登录）,淘宝未核（需登录）,TP4056 Type-C 充电模块 带保护,立创：单只单价、不含运费，按标注的起订档；淘宝：未核,未核,,未核,未核：无专用驱动库（模拟/开关量或电源模块），库数不能代表热度；淘宝销量需登录,无,未核；可先在 优信电子、正点原子 等综合电子店搜关键词（候选，需登录核实）
PMD-002,TP4056 Type-C 锂电充电模块（不带保护，不上板）,无,未核,未核,未核,未核,无 C 编号（模块/离板件，立创未售或未建档）,淘宝未核（需登录）,淘宝未核（需登录）,TP4056 Type-C 充电模块 不带保护,立创：单只单价、不含运费，按标注的起订档；淘宝：未核,未核,,未核,未核：无专用驱动库（模拟/开关量或电源模块），库数不能代表热度；淘宝销量需登录,带保护版（PMD-001）：有过充/过放/过流保护,未核；可先在 优信电子、正点原子 等综合电子店搜关键词（候选，需登录核实）
PMD-003,MP1584 小体积降压模块（3A，不上板）,无,未核,未核,未核,未核,无 C 编号（模块/离板件，立创未售或未建档）,淘宝未核（需登录）,淘宝未核（需登录）,MP1584 降压模块 3A 可调,立创：单只单价、不含运费，按标注的起订档；淘宝：未核,未核,,未核,未核：无专用驱动库（模拟/开关量或电源模块），库数不能代表热度；淘宝销量需登录,无,未核；可先在 优信电子、正点原子 等综合电子店搜关键词（候选，需登录核实）
PMD-004,LM2596 降压模块（3A，不上板）,无,未核,未核,未核,未核,无 C 编号（模块/离板件，立创未售或未建档）,淘宝未核（需登录）,淘宝未核（需登录）,LM2596 降压模块,立创：单只单价、不含运费，按标注的起订档；淘宝：未核,未核,,未核,未核：无专用驱动库（模拟/开关量或电源模块），库数不能代表热度；淘宝销量需登录,要体积小用 MP1584（PMD-003）,未核；可先在 优信电子、正点原子 等综合电子店搜关键词（候选，需登录核实）
PMD-005,MT3608 升压模块（2A，不上板）,无,未核,未核,未核,未核,无 C 编号（模块/离板件，立创未售或未建档）,淘宝未核（需登录）,淘宝未核（需登录）,MT3608 升压模块,立创：单只单价、不含运费，按标注的起订档；淘宝：未核,未核,,未核,未核：无专用驱动库（模拟/开关量或电源模块），库数不能代表热度；淘宝销量需登录,无,未核；可先在 优信电子、正点原子 等综合电子店搜关键词（候选，需登录核实）
PMD-006,18650 锂电池（带保护板，不上板）,无,未核,未核,未核,未核,无 C 编号（模块/离板件，立创未售或未建档）,淘宝未核（需登录）,淘宝未核（需登录）,18650 锂电池 带保护板 尖头,立创：单只单价、不含运费，按标注的起订档；淘宝：未核,未核,,未核,未核：无专用驱动库（模拟/开关量或电源模块），库数不能代表热度；淘宝销量需登录,无,未核；可先在 优信电子、正点原子 等综合电子店搜关键词（候选，需登录核实）
